file,sha256,rows,mtime,generator,code_commit,repro_status,conditions,yaw_law,g_calc,known_issues,paper_use
indi_step_sweep/summary.csv,4162e72f6d107bf41b8775a28d88559c54195cdcea72b832af8adf031017d794,125,2026-09-14 11:18:00,run_indi_step_sweep.py,9181fe0,identical_except_walltime,"10000ft/350KCAS, 뱅크스텝, 8s, throttle 0.8, shim k_att 4.5",요 감쇠 r_sp=-1.5r (배치 법칙과 동일),기구학 n_act (Nz 대비 최대 26% 과대),G 관련 열(g_exceeded 등) 절대값 무효,금지 — 탐색 단계 자료 (docs/EXPERIMENT_PLAN.md §6)
indi_step_sweep/timeseries.csv,1969028b31eed7f332d7473647fa90da929c02e60b74d0d14c0eebbabcf451eb,120000,2026-09-14 11:18:00,run_indi_step_sweep.py,9181fe0,identical,"10000ft/350KCAS, 뱅크스텝, 8s, throttle 0.8, shim k_att 4.5",요 감쇠 r_sp=-1.5r (배치 법칙과 동일),기구학 n_act (Nz 대비 최대 26% 과대),,금지 — 탐색 단계 자료 (docs/EXPERIMENT_PLAN.md §6)
indi_step_limiter_compare/summary.csv,c55caedf1098834e32e90744dceac2830519dac4c3d7d2e776f882a3f01ff61e,6,2026-09-14 10:28:32,run_indi_step_sweep.py --limiter-compare,9181fe0,"values_identical_older_schema (공통 24열 전부 일치; 현행 코드는 41열, 구본 25열; 구본에만 있는 열 [])","10000ft/350KCAS, 뱅크스텝, 8s, throttle 0.8, shim k_att 4.5",요 감쇠 r_sp=-1.5r (배치 법칙과 동일),기구학 n_act (Nz 대비 최대 26% 과대),리미터 on/off 결과 완전 동일 (널 결과),금지 — 탐색 단계 자료 (docs/EXPERIMENT_PLAN.md §6)
indi_step_limiter_compare/timeseries.csv,512a60ee62343e690ea12f8616bc15d84a76c9f80b720aaed76544585cfe903e,5760,2026-09-14 10:28:32,run_indi_step_sweep.py --limiter-compare,9181fe0,"values_identical_older_schema (공통 24열 전부 일치; 현행 코드는 28열, 구본 24열; 구본에만 있는 열 [])","10000ft/350KCAS, 뱅크스텝, 8s, throttle 0.8, shim k_att 4.5",요 감쇠 r_sp=-1.5r (배치 법칙과 동일),기구학 n_act (Nz 대비 최대 26% 과대),,금지 — 탐색 단계 자료 (docs/EXPERIMENT_PLAN.md §6)
corner_pull_sweep/summary.csv,055a26c22e8f500270550f10fca8bebb595e93174067ee845bb29f2e29564bc5,100,2026-09-14 11:18:39,run_corner_pull_sweep.py,9181fe0,identical_except_walltime,"15000ft/400KCAS, 80deg뱅크 지속선회, 12s, throttle 1.0, shim k_att 4.0",요 감쇠 r_sp=-1.5r (배치 법칙과 동일),기구학 n_act (Nz 대비 최대 26% 과대),7G/9G 목표 도달 불가 -> 54/100행 settle 검열; overshoot_g/g_exceeded 절대값 무효,금지 — 탐색 단계 자료 (docs/EXPERIMENT_PLAN.md §6)
corner_pull_sweep/timeseries.csv,0bb0b51c3df3c7b0e6689aa7f2d8c4d57b0a31b51f5b9bccdb094e538da8b25e,144000,2026-09-14 11:18:39,run_corner_pull_sweep.py,9181fe0,identical,"15000ft/400KCAS, 80deg뱅크 지속선회, 12s, throttle 1.0, shim k_att 4.0",요 감쇠 r_sp=-1.5r (배치 법칙과 동일),기구학 n_act (Nz 대비 최대 26% 과대),,금지 — 탐색 단계 자료 (docs/EXPERIMENT_PLAN.md §6)
indi_step_sweep_coordinated/summary.csv,d921d15e3754fffe1f6cbb50ae3e959b17dc89e71bc670e97de2ca8229cd26d7,125,2026-09-14 16:25:50,run_indi_step_sweep_coordinated.py,9181fe0,identical_except_walltime,"10000ft/350KCAS, 뱅크스텝, 8s, throttle 0.8, shim k_att 4.5",g*tan(phi)/V (잘못된 식),기구학 n_act (Nz 대비 최대 26% 과대),요축 지령식 오류 (tan); 2026-09-14 16:25 재생성본(구본 덮어씀),금지 — 탐색 단계 자료 (docs/EXPERIMENT_PLAN.md §6)
indi_step_sweep_coordinated/timeseries.csv,cdb7c0f129fffe95f72ece81d4e5ade27b912247f3042b7066f2ce5ece831921,120000,2026-09-14 16:25:50,run_indi_step_sweep_coordinated.py,9181fe0,identical,"10000ft/350KCAS, 뱅크스텝, 8s, throttle 0.8, shim k_att 4.5",g*tan(phi)/V (잘못된 식),기구학 n_act (Nz 대비 최대 26% 과대),,금지 — 탐색 단계 자료 (docs/EXPERIMENT_PLAN.md §6)
indi_step_sweep_coordinated_15k400/summary.csv,98a3040f6527f90983169b3ca2b265a9daf7355372f51db37cde8ac079bec6ff,125,2026-09-14 16:25:28,run_indi_step_sweep_coordinated.py --alt-ft 15000 --kcas 400,9181fe0,identical_except_walltime,"15000ft/400KCAS, 뱅크스텝, 8s, throttle 0.8, shim k_att 4.5",g*tan(phi)/V (잘못된 식),기구학 n_act (Nz 대비 최대 26% 과대),요축 지령식 오류 (tan),금지 — 탐색 단계 자료 (docs/EXPERIMENT_PLAN.md §6)
indi_step_sweep_coordinated_15k400/timeseries.csv,2b92cd9bf00ee0f0fdc7769ccf77a75833cfbb06623362921185581a5e4b8b50,120000,2026-09-14 16:25:28,run_indi_step_sweep_coordinated.py --alt-ft 15000 --kcas 400,9181fe0,identical,"15000ft/400KCAS, 뱅크스텝, 8s, throttle 0.8, shim k_att 4.5",g*tan(phi)/V (잘못된 식),기구학 n_act (Nz 대비 최대 26% 과대),,금지 — 탐색 단계 자료 (docs/EXPERIMENT_PLAN.md §6)
heading_rate_verification.csv,dbc642d82fefbc94cfc74b87095267410c0be50d718d333694642096bd385a6d,5,2026-09-14 16:23:55,verify_heading_rate.py,9181fe0,identical,"10000ft/350KCAS, 뱅크스텝, 8s, throttle 0.8, shim k_att 4.5",g*tan(phi)/V (잘못된 식),해당없음,,금지 — 탐색 단계 자료 (docs/EXPERIMENT_PLAN.md §6)
stability_filter_map.csv,f6c9bede418a64191354306f7af6fbffbe1f5e64b0e2d2cf9befd7eb83a5b1dc,80,2026-09-14 16:40:40,run_stability_filter_map.py,9181fe0,identical_except_walltime,"15000ft/400KCAS, 80deg뱅크 지속선회, 12s, throttle 1.0, shim k_att 4.0, G5 고정",요 감쇠 r_sp=-1.5r (배치 법칙과 동일),기구학 n_act (Nz 대비 최대 26% 과대),overshoot_g 기구학; lag_q_s 는 xcorr_peak<0.8 이면 무의미,금지 — 탐색 단계 자료 (docs/EXPERIMENT_PLAN.md §6)
rudder_authority_analysis.csv,2f923c9f544305faa3b860ea485ed1667036c697d77c003a527f8c8d9ba6c67b,70,2026-09-14 16:38:18,run_rudder_authority.py,9181fe0,identical_except_walltime,"15000ft/400,450KCAS, 뱅크스텝 30-60deg, 10s, throttle 0.8, shim k_att 4.5",5종 대조(tan/sin/kin/beta0/zero),해당없음,beta0 PI 는 수렴 못함(명령 포화),금지 — 탐색 단계 자료 (docs/EXPERIMENT_PLAN.md §6)
g_onset_sweep_15k400/summary.csv,b5f30a8257eff6f91c885c849fb31e4f680161d99263be5dcf5f2e51296ce3b1,100,2026-09-14 16:44:41,run_g_onset_sweep.py --kcas 400,9181fe0,identical_except_walltime,"15000ft/400KCAS, 순수당김 3s, throttle 1.0, shim k_att 4.0",요 감쇠 r_sp=-1.5r (배치 법칙과 동일),accelerations/Nz (기구학 병기),lag_q_s 대부분 0 또는 500ms 클립 -> 사용 불가,금지 — 탐색 단계 자료 (docs/EXPERIMENT_PLAN.md §6)
g_onset_sweep_15k400/timeseries.csv,0308b987b5cb86b4766faf2cd40674c256f56b4ff8e4ec130a9dfbf498e75e53,36000,2026-09-14 16:44:41,run_g_onset_sweep.py --kcas 400,9181fe0,identical,"15000ft/400KCAS, 순수당김 3s, throttle 1.0, shim k_att 4.0",요 감쇠 r_sp=-1.5r (배치 법칙과 동일),accelerations/Nz,,금지 — 탐색 단계 자료 (docs/EXPERIMENT_PLAN.md §6)
g_onset_sweep_15k450/summary.csv,efb39bc4c1b51a4084048a33f06a5ab5263d71ef4c9c96286644e738a1604e7c,100,2026-09-14 16:44:48,run_g_onset_sweep.py --kcas 450,9181fe0,identical_except_walltime,"15000ft/450KCAS, 순수당김 3s, throttle 1.0, shim k_att 4.0",요 감쇠 r_sp=-1.5r (배치 법칙과 동일),accelerations/Nz (기구학 병기),lag_q_s 사용 불가,금지 — 탐색 단계 자료 (docs/EXPERIMENT_PLAN.md §6)
g_onset_sweep_15k450/timeseries.csv,cd5753f65beac4879e20bc655e440e6e366b08ea1e06771261d29aff9d959661,36000,2026-09-14 16:44:48,run_g_onset_sweep.py --kcas 450,9181fe0,identical,"15000ft/450KCAS, 순수당김 3s, throttle 1.0, shim k_att 4.0",요 감쇠 r_sp=-1.5r (배치 법칙과 동일),accelerations/Nz,,금지 — 탐색 단계 자료 (docs/EXPERIMENT_PLAN.md §6)
stability_boundary_summary.csv,c360ec479363e2a54985cd692dad68afba92749a0d825e11e8f5821de95b2521,30,2026-09-14 11:19:11,(고아) run_corner_pull_sweep.run_one 재구성으로 대조,,identical_except_walltime,"15000ft/400KCAS, 80deg뱅크 지속선회, 12s, throttle 1.0, shim k_att 4.0, G5 고정",요 감쇠 r_sp=-1.5r (배치 법칙과 동일),기구학 n_act (Nz 대비 최대 26% 과대),원 생성 스크립트 없음,금지 — 탐색 단계 자료 (docs/EXPERIMENT_PLAN.md §6)
stability_boundary_summary_classified.csv,e2afff9e1276849b4620f52adaefb3c2226416565e8f281355f706f146beaaf0,30,2026-09-14 16:27:58,classify_stability_bands.py,9181fe0,identical,"15000ft/400KCAS, 80deg뱅크 지속선회, 12s, throttle 1.0, shim k_att 4.0, G5 고정",요 감쇠 r_sp=-1.5r (배치 법칙과 동일),기구학 n_act (Nz 대비 최대 26% 과대),임계 1.5 는 이 30조합으로 교정(교정=적용 데이터),금지 — 탐색 단계 자료 (docs/EXPERIMENT_PLAN.md §6)
repeat_variance.csv,be4f155c27b00267f70babf0759578188be1d0b0fe78141a4179c38e92d19cec,28,2026-09-14 10:30:12,(없음),,재현불가(생성 스크립트 없음); 교차일치: indi_step bank45_k1_f25 / corner_pull G5_k1_f25 값과 동일,indi_step bank45_k1_f25 / corner_pull G5_k1_f25 10회 반복,요 감쇠 r_sp=-1.5r (배치 법칙과 동일),기구학 n_act (Nz 대비 최대 26% 과대),원 생성 스크립트 없음,금지 — 탐색 단계 자료 (docs/EXPERIMENT_PLAN.md §6)
envelope_violation_scan.csv,9de7647305666cc8e1f132715e072364f7178f552e5d7f0a3843760c6d898482,30,2026-09-14 11:18:49,(없음),,재현불가(생성 스크립트 없음); 교차일치: 30행 전부 sweep summary 값과 동일(파생 표),"15000ft/400KCAS, 80deg뱅크 지속선회, 12s, throttle 1.0, shim k_att 4.0",요 감쇠 r_sp=-1.5r (배치 법칙과 동일),기구학 n_act (Nz 대비 최대 26% 과대),원 생성 스크립트 없음; 기구학 G 기반 포락선 위반 -> 무효,금지 — 탐색 단계 자료 (docs/EXPERIMENT_PLAN.md §6)
rudder_zero_compare.csv,805f3febd02170e6e5196f66549dbc790921f61d52e02e7f248ea2147fda620b,6,2026-09-14 10:58:13,(없음),,"재현불가(생성 스크립트 없음); 부분 교차일치: zero_rudder=False 3행이 indi_step_sweep 과 동일, True 행은 대조 대상 없음","10000ft/350KCAS, 뱅크스텝, 8s, throttle 0.8, shim k_att 4.5",요 감쇠 r_sp=-1.5r (배치 법칙과 동일) / 러더 0,기구학 n_act (Nz 대비 최대 26% 과대),원 생성 스크립트 없음; heading_drift_deg_8s 열 psi wrap 버그,금지 — 탐색 단계 자료 (docs/EXPERIMENT_PLAN.md §6)
coordinated_vs_original_compare.csv,551fe17eea37cbefa0f69fa3525063deeb273a401015e16b5f4750f531ece9ff,6,2026-09-14 11:14:21,(없음),,"재현불가(생성 스크립트 없음); 대조 불가: version 값 ['coord', 'orig'], 구버전 협조선회판 기준","10000ft/350KCAS, 뱅크스텝, 8s, throttle 0.8, shim k_att 4.5",원본 vs 협조선회(구버전),기구학 n_act (Nz 대비 최대 26% 과대),원 생성 스크립트 없음; 협조선회판 구버전 기준,금지 — 탐색 단계 자료 (docs/EXPERIMENT_PLAN.md §6)
corner_pull_diag/G5_k2_f25_diag_timeseries.csv,259aab942e0c1fa49d134f58d0a829f1a30481760730d62ff68c325cf7dc4109,1440,2026-09-14 10:51:50,(없음),,"재현불가(생성 스크립트 없음); 교차일치: 1440스텝 x ['omega_q_dps', 'cmd_elevator', 'omega_sp_q_dps'] 가 corner_pull_sweep 시계열과 동일","15000ft/400KCAS, 80deg뱅크 지속선회, 12s, throttle 1.0, shim k_att 4.0",요 감쇠 r_sp=-1.5r (배치 법칙과 동일),기구학 n_act (Nz 대비 최대 26% 과대),원 생성 스크립트 없음,금지 — 탐색 단계 자료 (docs/EXPERIMENT_PLAN.md §6)
corner_pull_diag/G5_k2_f35_diag_timeseries.csv,9b493daf8ab77351f8c6163a5c87a400c5e6d42106e59777c0ba63d7e9d37946,1440,2026-09-14 10:51:50,(없음),,"재현불가(생성 스크립트 없음); 교차일치: 1440스텝 x ['omega_q_dps', 'cmd_elevator', 'omega_sp_q_dps'] 가 corner_pull_sweep 시계열과 동일","15000ft/400KCAS, 80deg뱅크 지속선회, 12s, throttle 1.0, shim k_att 4.0",요 감쇠 r_sp=-1.5r (배치 법칙과 동일),기구학 n_act (Nz 대비 최대 26% 과대),원 생성 스크립트 없음,금지 — 탐색 단계 자료 (docs/EXPERIMENT_PLAN.md §6)
corner_pull_diag/G5_k2_f50_diag_timeseries.csv,e86a6bc03f1aef5cde4463deaa774b704813d0129bdba050b7d972d75cbbce8e,1440,2026-09-14 10:51:51,(없음),,"재현불가(생성 스크립트 없음); 교차일치: 1440스텝 x ['omega_q_dps', 'cmd_elevator', 'omega_sp_q_dps'] 가 corner_pull_sweep 시계열과 동일","15000ft/400KCAS, 80deg뱅크 지속선회, 12s, throttle 1.0, shim k_att 4.0",요 감쇠 r_sp=-1.5r (배치 법칙과 동일),기구학 n_act (Nz 대비 최대 26% 과대),원 생성 스크립트 없음,금지 — 탐색 단계 자료 (docs/EXPERIMENT_PLAN.md §6)
g_envelope_output.txt,3a1d848875a272c18195c5c09d60f27c107ae9e6b9779038bdc7d57d96fd4d90,,2026-09-11 09:48:31,measure_g_envelope.py (stdout),d1f3901,identical_text,봉투 격자 10/15/25kft x 200-500KCAS 등,해당없음,해당없음,텍스트 덤프(표 아님); 논문용은 CSV 로 재측정 필요,금지 — 탐색 단계 자료 (docs/EXPERIMENT_PLAN.md §6)
