case,t0,opp_action,champ_win,dhp,cond,t_end
anchor_simple/red,8.0,climb,1,71.0,health_zero,34
anchor_simple/red,8.0,dive,1,66.6,health_zero,41
anchor_simple/red,8.0,break,1,22.6,health_zero,34
anchor_simple/red,8.0,extend,0,0.0,health_zero,91
anchor_simple/red,8.0,gun,1,9.5,health_zero,35
anchor_simple/red,8.0,lag,1,55.8,health_zero,35
anchor_simple/red,8.0,two_circle,1,23.0,health_zero,34
anchor_simple/red,8.0,level,1,62.9,health_zero,33
anchor_simple/red,8.0,gun_pure,1,10.2,health_zero,36
anchor_simple/red,12.0,climb,1,76.1,health_zero,33
anchor_simple/red,12.0,dive,1,100.0,health_zero,51
anchor_simple/red,12.0,break,1,13.3,health_zero,46
anchor_simple/red,12.0,extend,1,73.8,health_zero,33
anchor_simple/red,12.0,gun,1,24.7,health_zero,54
anchor_simple/red,12.0,lag,1,61.5,health_zero,33
anchor_simple/red,12.0,two_circle,1,15.2,health_zero,46
anchor_simple/red,12.0,level,1,62.9,health_zero,33
anchor_simple/red,12.0,gun_pure,1,25.0,health_zero,54
anchor_simple/red,16.0,climb,1,95.7,health_zero,31
anchor_simple/red,16.0,dive,1,90.9,health_zero,55
anchor_simple/red,16.0,break,1,36.0,health_zero,45
anchor_simple/red,16.0,extend,1,11.1,health_zero,45
anchor_simple/red,16.0,gun,0,-3.9,health_zero,37
anchor_simple/red,16.0,lag,0,-0.4,health_zero,34
anchor_simple/red,16.0,two_circle,1,38.6,health_zero,45
anchor_simple/red,16.0,level,1,62.9,health_zero,33
anchor_simple/red,16.0,gun_pure,0,-4.1,health_zero,38
anchor_simple/red,20.0,climb,1,45.8,health_zero,33
anchor_simple/red,20.0,dive,1,57.4,health_zero,45
anchor_simple/red,20.0,break,1,53.3,health_zero,47
anchor_simple/red,20.0,extend,1,58.2,health_zero,47
anchor_simple/red,20.0,gun,1,54.1,health_zero,36
anchor_simple/red,20.0,lag,1,57.9,health_zero,47
anchor_simple/red,20.0,two_circle,1,56.3,health_zero,47
anchor_simple/red,20.0,level,1,62.9,health_zero,33
anchor_simple/red,20.0,gun_pure,1,57.2,health_zero,37
anchor_simple/red,24.0,climb,1,64.0,health_zero,33
anchor_simple/red,24.0,dive,1,72.3,health_zero,133
anchor_simple/red,24.0,break,1,63.4,health_zero,33
anchor_simple/red,24.0,extend,1,70.7,health_zero,149
anchor_simple/red,24.0,gun,1,72.3,health_zero,34
anchor_simple/red,24.0,lag,1,63.4,health_zero,33
anchor_simple/red,24.0,two_circle,1,63.4,health_zero,33
anchor_simple/red,24.0,level,1,62.9,health_zero,33
anchor_simple/red,24.0,gun_pure,1,72.3,health_zero,34
anchor_simple/red,30.0,climb,1,72.3,health_zero,33
anchor_simple/red,30.0,dive,1,63.3,health_zero,33
anchor_simple/red,30.0,break,1,62.5,health_zero,33
anchor_simple/red,30.0,extend,1,63.2,health_zero,33
anchor_simple/red,30.0,gun,1,72.3,health_zero,33
anchor_simple/red,30.0,lag,1,63.2,health_zero,33
anchor_simple/red,30.0,two_circle,1,62.8,health_zero,33
anchor_simple/red,30.0,level,1,62.9,health_zero,33
anchor_simple/red,30.0,gun_pure,1,72.3,health_zero,33
anchor_simple/red,60.0,climb,1,62.9,health_zero,33
anchor_simple/red,60.0,dive,1,62.9,health_zero,33
anchor_simple/red,60.0,break,1,62.9,health_zero,33
anchor_simple/red,60.0,extend,1,62.9,health_zero,33
anchor_simple/red,60.0,gun,1,62.9,health_zero,33
anchor_simple/red,60.0,lag,1,62.9,health_zero,33
anchor_simple/red,60.0,two_circle,1,62.9,health_zero,33
anchor_simple/red,60.0,level,1,62.9,health_zero,33
anchor_simple/red,60.0,gun_pure,1,62.9,health_zero,33
anchor_simple/red,120.0,climb,1,62.9,health_zero,33
anchor_simple/red,120.0,dive,1,62.9,health_zero,33
anchor_simple/red,120.0,break,1,62.9,health_zero,33
anchor_simple/red,120.0,extend,1,62.9,health_zero,33
anchor_simple/red,120.0,gun,1,62.9,health_zero,33
anchor_simple/red,120.0,lag,1,62.9,health_zero,33
anchor_simple/red,120.0,two_circle,1,62.9,health_zero,33
anchor_simple/red,120.0,level,1,62.9,health_zero,33
anchor_simple/red,120.0,gun_pure,1,62.9,health_zero,33
anchor_defensive/red,8.0,climb,1,93.3,health_zero,40
anchor_defensive/red,8.0,dive,1,14.0,health_zero,89
anchor_defensive/red,8.0,break,1,19.4,health_zero,61
anchor_defensive/red,8.0,extend,1,67.1,health_zero,139
anchor_defensive/red,8.0,gun,1,27.0,health_zero,36
anchor_defensive/red,8.0,lag,1,53.2,health_zero,36
anchor_defensive/red,8.0,two_circle,1,19.4,health_zero,61
anchor_defensive/red,8.0,level,0,-5.2,health_zero,144
anchor_defensive/red,8.0,gun_pure,1,26.8,health_zero,36
anchor_defensive/red,12.0,climb,0,-7.9,health_zero,59
anchor_defensive/red,12.0,dive,1,100.0,health_zero,109
anchor_defensive/red,12.0,break,1,43.4,health_zero,79
anchor_defensive/red,12.0,extend,1,0.5,health_zero,217
anchor_defensive/red,12.0,gun,1,25.1,health_zero,142
anchor_defensive/red,12.0,lag,0,-47.3,health_zero,294
anchor_defensive/red,12.0,two_circle,1,22.1,health_zero,171
anchor_defensive/red,12.0,level,1,30.2,health_zero,137
anchor_defensive/red,12.0,gun_pure,0,-0.4,health_zero,266
anchor_defensive/red,16.0,climb,1,100.0,health_zero,28
anchor_defensive/red,16.0,dive,1,91.5,health_zero,41
anchor_defensive/red,16.0,break,1,36.6,health_zero,65
anchor_defensive/red,16.0,extend,1,63.5,health_zero,89
anchor_defensive/red,16.0,gun,1,54.3,timeout,300
anchor_defensive/red,16.0,lag,1,19.2,health_zero,40
anchor_defensive/red,16.0,two_circle,1,53.8,health_zero,86
anchor_defensive/red,16.0,level,1,3.3,health_zero,58
anchor_defensive/red,16.0,gun_pure,0,-55.8,health_zero,212
anchor_defensive/red,20.0,climb,1,29.5,health_zero,35
anchor_defensive/red,20.0,dive,1,53.9,health_zero,46
anchor_defensive/red,20.0,break,1,8.4,timeout,300
anchor_defensive/red,20.0,extend,1,20.8,health_zero,46
anchor_defensive/red,20.0,gun,1,53.0,health_zero,194
anchor_defensive/red,20.0,lag,0,-12.9,health_zero,195
anchor_defensive/red,20.0,two_circle,1,17.9,health_zero,47
anchor_defensive/red,20.0,level,0,-53.3,health_zero,62
anchor_defensive/red,20.0,gun_pure,1,43.9,health_zero,203
anchor_defensive/red,24.0,climb,0,-10.6,health_zero,80
anchor_defensive/red,24.0,dive,1,36.2,health_zero,47
anchor_defensive/red,24.0,break,1,53.3,health_zero,82
anchor_defensive/red,24.0,extend,1,39.4,health_zero,46
anchor_defensive/red,24.0,gun,1,10.2,health_zero,38
anchor_defensive/red,24.0,lag,1,58.2,health_zero,82
anchor_defensive/red,24.0,two_circle,1,63.2,health_zero,85
anchor_defensive/red,24.0,level,1,35.1,health_zero,66
anchor_defensive/red,24.0,gun_pure,1,10.2,health_zero,38
anchor_defensive/red,30.0,climb,1,53.6,health_zero,81
anchor_defensive/red,30.0,dive,1,8.4,timeout,300
anchor_defensive/red,30.0,break,1,30.8,health_zero,62
anchor_defensive/red,30.0,extend,1,64.0,health_zero,97
anchor_defensive/red,30.0,gun,1,64.2,health_zero,39
anchor_defensive/red,30.0,lag,1,46.6,health_zero,61
anchor_defensive/red,30.0,two_circle,1,50.8,health_zero,63
anchor_defensive/red,30.0,level,1,1.4,health_zero,62
anchor_defensive/red,30.0,gun_pure,1,64.2,health_zero,39
anchor_defensive/red,60.0,climb,1,25.2,health_zero,61
anchor_defensive/red,60.0,dive,1,25.2,health_zero,61
anchor_defensive/red,60.0,break,1,19.4,health_zero,61
anchor_defensive/red,60.0,extend,1,25.2,health_zero,61
anchor_defensive/red,60.0,gun,1,25.2,health_zero,61
anchor_defensive/red,60.0,lag,1,25.2,health_zero,61
anchor_defensive/red,60.0,two_circle,1,20.3,health_zero,61
anchor_defensive/red,60.0,level,1,25.2,health_zero,61
anchor_defensive/red,60.0,gun_pure,1,25.2,health_zero,61
anchor_defensive/red,120.0,climb,1,19.4,health_zero,61
anchor_defensive/red,120.0,dive,1,19.4,health_zero,61
anchor_defensive/red,120.0,break,1,19.4,health_zero,61
anchor_defensive/red,120.0,extend,1,19.4,health_zero,61
anchor_defensive/red,120.0,gun,1,19.4,health_zero,61
anchor_defensive/red,120.0,lag,1,19.4,health_zero,61
anchor_defensive/red,120.0,two_circle,1,19.4,health_zero,61
anchor_defensive/red,120.0,level,1,19.4,health_zero,61
anchor_defensive/red,120.0,gun_pure,1,19.4,health_zero,61
A1_PurePursuer_05/red,8.0,climb,1,71.0,health_zero,34
A1_PurePursuer_05/red,8.0,dive,1,66.6,health_zero,41
A1_PurePursuer_05/red,8.0,break,1,22.6,health_zero,34
A1_PurePursuer_05/red,8.0,extend,0,0.0,health_zero,91
A1_PurePursuer_05/red,8.0,gun,1,9.5,health_zero,35
A1_PurePursuer_05/red,8.0,lag,1,55.8,health_zero,35
A1_PurePursuer_05/red,8.0,two_circle,1,23.0,health_zero,34
A1_PurePursuer_05/red,8.0,level,1,62.9,health_zero,33
A1_PurePursuer_05/red,8.0,gun_pure,1,10.2,health_zero,36
A1_PurePursuer_05/red,12.0,climb,1,76.1,health_zero,33
A1_PurePursuer_05/red,12.0,dive,1,100.0,health_zero,51
A1_PurePursuer_05/red,12.0,break,1,13.3,health_zero,46
A1_PurePursuer_05/red,12.0,extend,1,73.8,health_zero,33
A1_PurePursuer_05/red,12.0,gun,1,24.7,health_zero,54
A1_PurePursuer_05/red,12.0,lag,1,61.5,health_zero,33
A1_PurePursuer_05/red,12.0,two_circle,1,15.2,health_zero,46
A1_PurePursuer_05/red,12.0,level,1,62.9,health_zero,33
A1_PurePursuer_05/red,12.0,gun_pure,1,25.0,health_zero,54
A1_PurePursuer_05/red,16.0,climb,1,95.7,health_zero,31
A1_PurePursuer_05/red,16.0,dive,1,90.9,health_zero,55
A1_PurePursuer_05/red,16.0,break,1,36.0,health_zero,45
A1_PurePursuer_05/red,16.0,extend,1,11.1,health_zero,45
A1_PurePursuer_05/red,16.0,gun,0,-3.9,health_zero,37
A1_PurePursuer_05/red,16.0,lag,0,-0.4,health_zero,34
A1_PurePursuer_05/red,16.0,two_circle,1,38.6,health_zero,45
A1_PurePursuer_05/red,16.0,level,1,62.9,health_zero,33
A1_PurePursuer_05/red,16.0,gun_pure,0,-4.1,health_zero,38
A1_PurePursuer_05/red,20.0,climb,1,45.8,health_zero,33
A1_PurePursuer_05/red,20.0,dive,1,57.4,health_zero,45
A1_PurePursuer_05/red,20.0,break,1,53.3,health_zero,47
A1_PurePursuer_05/red,20.0,extend,1,58.2,health_zero,47
A1_PurePursuer_05/red,20.0,gun,1,54.1,health_zero,36
A1_PurePursuer_05/red,20.0,lag,1,57.9,health_zero,47
A1_PurePursuer_05/red,20.0,two_circle,1,56.3,health_zero,47
A1_PurePursuer_05/red,20.0,level,1,62.9,health_zero,33
A1_PurePursuer_05/red,20.0,gun_pure,1,57.2,health_zero,37
A1_PurePursuer_05/red,24.0,climb,1,64.0,health_zero,33
A1_PurePursuer_05/red,24.0,dive,1,72.3,health_zero,133
A1_PurePursuer_05/red,24.0,break,1,63.4,health_zero,33
A1_PurePursuer_05/red,24.0,extend,1,70.7,health_zero,149
A1_PurePursuer_05/red,24.0,gun,1,72.3,health_zero,34
A1_PurePursuer_05/red,24.0,lag,1,63.4,health_zero,33
A1_PurePursuer_05/red,24.0,two_circle,1,63.4,health_zero,33
A1_PurePursuer_05/red,24.0,level,1,62.9,health_zero,33
A1_PurePursuer_05/red,24.0,gun_pure,1,72.3,health_zero,34
A1_PurePursuer_05/red,30.0,climb,1,72.3,health_zero,33
A1_PurePursuer_05/red,30.0,dive,1,63.3,health_zero,33
A1_PurePursuer_05/red,30.0,break,1,62.5,health_zero,33
A1_PurePursuer_05/red,30.0,extend,1,63.2,health_zero,33
A1_PurePursuer_05/red,30.0,gun,1,72.3,health_zero,33
A1_PurePursuer_05/red,30.0,lag,1,63.2,health_zero,33
A1_PurePursuer_05/red,30.0,two_circle,1,62.8,health_zero,33
A1_PurePursuer_05/red,30.0,level,1,62.9,health_zero,33
A1_PurePursuer_05/red,30.0,gun_pure,1,72.3,health_zero,33
A1_PurePursuer_05/red,60.0,climb,1,62.9,health_zero,33
A1_PurePursuer_05/red,60.0,dive,1,62.9,health_zero,33
A1_PurePursuer_05/red,60.0,break,1,62.9,health_zero,33
A1_PurePursuer_05/red,60.0,extend,1,62.9,health_zero,33
A1_PurePursuer_05/red,60.0,gun,1,62.9,health_zero,33
A1_PurePursuer_05/red,60.0,lag,1,62.9,health_zero,33
A1_PurePursuer_05/red,60.0,two_circle,1,62.9,health_zero,33
A1_PurePursuer_05/red,60.0,level,1,62.9,health_zero,33
A1_PurePursuer_05/red,60.0,gun_pure,1,62.9,health_zero,33
A1_PurePursuer_05/red,120.0,climb,1,62.9,health_zero,33
A1_PurePursuer_05/red,120.0,dive,1,62.9,health_zero,33
A1_PurePursuer_05/red,120.0,break,1,62.9,health_zero,33
A1_PurePursuer_05/red,120.0,extend,1,62.9,health_zero,33
A1_PurePursuer_05/red,120.0,gun,1,62.9,health_zero,33
A1_PurePursuer_05/red,120.0,lag,1,62.9,health_zero,33
A1_PurePursuer_05/red,120.0,two_circle,1,62.9,health_zero,33
A1_PurePursuer_05/red,120.0,level,1,62.9,health_zero,33
A1_PurePursuer_05/red,120.0,gun_pure,1,62.9,health_zero,33
A3_LagAngler_06/red,8.0,climb,1,82.1,health_zero,35
A3_LagAngler_06/red,8.0,dive,1,77.9,health_zero,185
A3_LagAngler_06/red,8.0,break,1,82.7,health_zero,36
A3_LagAngler_06/red,8.0,extend,1,50.9,health_zero,36
A3_LagAngler_06/red,8.0,gun,1,62.8,health_zero,181
A3_LagAngler_06/red,8.0,lag,1,27.6,health_zero,35
A3_LagAngler_06/red,8.0,two_circle,1,82.7,health_zero,36
A3_LagAngler_06/red,8.0,level,1,70.4,health_zero,171
A3_LagAngler_06/red,8.0,gun_pure,1,63.3,health_zero,181
A3_LagAngler_06/red,12.0,climb,1,73.6,timeout,300
A3_LagAngler_06/red,12.0,dive,1,100.0,health_zero,96
A3_LagAngler_06/red,12.0,break,0,-45.6,health_zero,34
A3_LagAngler_06/red,12.0,extend,1,15.5,health_zero,34
A3_LagAngler_06/red,12.0,gun,0,-13.0,timeout,300
A3_LagAngler_06/red,12.0,lag,1,37.1,health_zero,85
A3_LagAngler_06/red,12.0,two_circle,0,-45.6,health_zero,34
A3_LagAngler_06/red,12.0,level,1,37.1,health_zero,136
A3_LagAngler_06/red,12.0,gun_pure,0,-13.1,timeout,300
A3_LagAngler_06/red,16.0,climb,1,98.5,health_zero,31
A3_LagAngler_06/red,16.0,dive,1,100.0,health_zero,29
A3_LagAngler_06/red,16.0,break,1,35.6,health_zero,152
A3_LagAngler_06/red,16.0,extend,1,38.4,health_zero,42
A3_LagAngler_06/red,16.0,gun,1,28.4,health_zero,242
A3_LagAngler_06/red,16.0,lag,1,21.0,health_zero,48
A3_LagAngler_06/red,16.0,two_circle,0,-12.0,health_zero,46
A3_LagAngler_06/red,16.0,level,1,85.3,health_zero,33
A3_LagAngler_06/red,16.0,gun_pure,1,43.5,health_zero,150
A3_LagAngler_06/red,20.0,climb,1,67.0,health_zero,33
A3_LagAngler_06/red,20.0,dive,1,77.1,health_zero,38
A3_LagAngler_06/red,20.0,break,1,11.1,health_zero,295
A3_LagAngler_06/red,20.0,extend,1,50.8,health_zero,45
A3_LagAngler_06/red,20.0,gun,1,68.0,health_zero,35
A3_LagAngler_06/red,20.0,lag,1,47.2,health_zero,45
A3_LagAngler_06/red,20.0,two_circle,1,48.3,health_zero,45
A3_LagAngler_06/red,20.0,level,1,55.1,health_zero,161
A3_LagAngler_06/red,20.0,gun_pure,1,76.6,health_zero,36
A3_LagAngler_06/red,24.0,climb,1,50.9,health_zero,35
A3_LagAngler_06/red,24.0,dive,1,77.1,health_zero,155
A3_LagAngler_06/red,24.0,break,1,37.2,timeout,300
A3_LagAngler_06/red,24.0,extend,1,77.1,health_zero,147
A3_LagAngler_06/red,24.0,gun,1,77.1,health_zero,40
A3_LagAngler_06/red,24.0,lag,1,38.1,timeout,300
A3_LagAngler_06/red,24.0,two_circle,1,42.8,timeout,300
A3_LagAngler_06/red,24.0,level,1,53.2,health_zero,36
A3_LagAngler_06/red,24.0,gun_pure,1,77.1,health_zero,40
A3_LagAngler_06/red,30.0,climb,1,77.1,health_zero,36
A3_LagAngler_06/red,30.0,dive,1,42.7,timeout,300
A3_LagAngler_06/red,30.0,break,1,65.5,health_zero,212
A3_LagAngler_06/red,30.0,extend,1,77.1,health_zero,273
A3_LagAngler_06/red,30.0,gun,1,77.1,health_zero,36
A3_LagAngler_06/red,30.0,lag,1,77.1,health_zero,64
A3_LagAngler_06/red,30.0,two_circle,1,77.1,health_zero,253
A3_LagAngler_06/red,30.0,level,1,57.0,health_zero,163
A3_LagAngler_06/red,30.0,gun_pure,1,77.1,health_zero,36
A3_LagAngler_06/red,60.0,climb,1,40.6,timeout,300
A3_LagAngler_06/red,60.0,dive,1,40.6,timeout,300
A3_LagAngler_06/red,60.0,break,1,40.6,timeout,300
A3_LagAngler_06/red,60.0,extend,1,40.6,timeout,300
A3_LagAngler_06/red,60.0,gun,1,40.6,timeout,300
A3_LagAngler_06/red,60.0,lag,1,40.6,timeout,300
A3_LagAngler_06/red,60.0,two_circle,1,40.6,timeout,300
A3_LagAngler_06/red,60.0,level,1,40.6,timeout,300
A3_LagAngler_06/red,60.0,gun_pure,1,40.6,timeout,300
A3_LagAngler_06/red,120.0,climb,1,40.6,timeout,300
A3_LagAngler_06/red,120.0,dive,1,67.5,health_zero,146
A3_LagAngler_06/red,120.0,break,1,40.6,timeout,300
A3_LagAngler_06/red,120.0,extend,1,40.6,timeout,300
A3_LagAngler_06/red,120.0,gun,1,40.6,timeout,300
A3_LagAngler_06/red,120.0,lag,1,40.6,timeout,300
A3_LagAngler_06/red,120.0,two_circle,1,40.6,timeout,300
A3_LagAngler_06/red,120.0,level,1,40.6,timeout,300
A3_LagAngler_06/red,120.0,gun_pure,1,40.6,timeout,300
B2_Extender_04/red,8.0,climb,1,73.9,health_zero,151
B2_Extender_04/red,8.0,dive,1,14.1,timeout,300
B2_Extender_04/red,8.0,break,1,47.8,health_zero,222
B2_Extender_04/red,8.0,extend,1,54.6,health_zero,153
B2_Extender_04/red,8.0,gun,1,62.6,health_zero,229
B2_Extender_04/red,8.0,lag,1,63.8,health_zero,182
B2_Extender_04/red,8.0,two_circle,1,47.8,health_zero,222
B2_Extender_04/red,8.0,level,1,39.9,health_zero,179
B2_Extender_04/red,8.0,gun_pure,1,62.6,health_zero,229
B2_Extender_04/red,12.0,climb,1,23.6,health_zero,160
B2_Extender_04/red,12.0,dive,0,0.0,timeout,300
B2_Extender_04/red,12.0,break,0,-50.3,health_zero,157
B2_Extender_04/red,12.0,extend,1,43.2,health_zero,198
B2_Extender_04/red,12.0,gun,1,66.8,health_zero,288
B2_Extender_04/red,12.0,lag,1,82.2,health_zero,198
B2_Extender_04/red,12.0,two_circle,1,70.4,health_zero,247
B2_Extender_04/red,12.0,level,1,27.7,timeout,300
B2_Extender_04/red,12.0,gun_pure,1,17.0,timeout,300
B2_Extender_04/red,16.0,climb,1,100.0,health_zero,29
B2_Extender_04/red,16.0,dive,1,91.5,health_zero,42
B2_Extender_04/red,16.0,break,1,32.4,health_zero,290
B2_Extender_04/red,16.0,extend,1,36.5,health_zero,70
B2_Extender_04/red,16.0,gun,1,62.4,health_zero,193
B2_Extender_04/red,16.0,lag,1,50.0,health_zero,46
B2_Extender_04/red,16.0,two_circle,1,25.0,health_zero,47
B2_Extender_04/red,16.0,level,1,13.5,health_zero,129
B2_Extender_04/red,16.0,gun_pure,1,72.7,health_zero,229
B2_Extender_04/red,20.0,climb,1,31.4,health_zero,35
B2_Extender_04/red,20.0,dive,1,53.5,health_zero,46
B2_Extender_04/red,20.0,break,1,2.2,health_zero,243
B2_Extender_04/red,20.0,extend,1,21.6,health_zero,46
B2_Extender_04/red,20.0,gun,1,9.9,timeout,300
B2_Extender_04/red,20.0,lag,1,13.6,timeout,300
B2_Extender_04/red,20.0,two_circle,1,29.6,health_zero,47
B2_Extender_04/red,20.0,level,0,-34.8,health_zero,142
B2_Extender_04/red,20.0,gun_pure,1,44.2,health_zero,166
B2_Extender_04/red,24.0,climb,1,7.5,health_zero,217
B2_Extender_04/red,24.0,dive,1,36.2,health_zero,48
B2_Extender_04/red,24.0,break,1,64.2,health_zero,190
B2_Extender_04/red,24.0,extend,1,44.8,health_zero,75
B2_Extender_04/red,24.0,gun,1,19.2,health_zero,67
B2_Extender_04/red,24.0,lag,1,27.1,health_zero,181
B2_Extender_04/red,24.0,two_circle,1,28.6,timeout,300
B2_Extender_04/red,24.0,level,1,49.5,health_zero,236
B2_Extender_04/red,24.0,gun_pure,1,19.2,health_zero,67
B2_Extender_04/red,30.0,climb,1,49.7,health_zero,43
B2_Extender_04/red,30.0,dive,1,64.2,health_zero,79
B2_Extender_04/red,30.0,break,1,64.2,health_zero,232
B2_Extender_04/red,30.0,extend,1,47.8,health_zero,222
B2_Extender_04/red,30.0,gun,1,61.5,health_zero,99
B2_Extender_04/red,30.0,lag,1,64.2,health_zero,208
B2_Extender_04/red,30.0,two_circle,1,64.2,health_zero,254
B2_Extender_04/red,30.0,level,1,64.2,health_zero,209
B2_Extender_04/red,30.0,gun_pure,1,63.5,health_zero,99
B2_Extender_04/red,60.0,climb,1,64.2,health_zero,244
B2_Extender_04/red,60.0,dive,1,64.2,health_zero,246
B2_Extender_04/red,60.0,break,1,64.2,health_zero,243
B2_Extender_04/red,60.0,extend,1,47.8,health_zero,222
B2_Extender_04/red,60.0,gun,1,47.6,health_zero,224
B2_Extender_04/red,60.0,lag,1,64.2,health_zero,237
B2_Extender_04/red,60.0,two_circle,1,54.8,health_zero,222
B2_Extender_04/red,60.0,level,1,64.2,health_zero,243
B2_Extender_04/red,60.0,gun_pure,1,32.1,health_zero,225
B2_Extender_04/red,120.0,climb,1,47.3,health_zero,248
B2_Extender_04/red,120.0,dive,1,55.2,health_zero,173
B2_Extender_04/red,120.0,break,1,40.6,health_zero,245
B2_Extender_04/red,120.0,extend,1,64.2,health_zero,245
B2_Extender_04/red,120.0,gun,1,33.5,health_zero,240
B2_Extender_04/red,120.0,lag,0,-1.6,timeout,300
B2_Extender_04/red,120.0,two_circle,1,50.8,health_zero,244
B2_Extender_04/red,120.0,level,1,54.4,health_zero,244
B2_Extender_04/red,120.0,gun_pure,1,26.9,health_zero,241
C2_OneCircleRad_03/red,8.0,climb,1,93.3,health_zero,40
C2_OneCircleRad_03/red,8.0,dive,0,-9.9,health_zero,59
C2_OneCircleRad_03/red,8.0,break,1,21.2,health_zero,67
C2_OneCircleRad_03/red,8.0,extend,1,45.4,health_zero,155
C2_OneCircleRad_03/red,8.0,gun,1,28.0,health_zero,36
C2_OneCircleRad_03/red,8.0,lag,1,53.2,health_zero,36
C2_OneCircleRad_03/red,8.0,two_circle,1,21.2,health_zero,67
C2_OneCircleRad_03/red,8.0,level,1,28.2,health_zero,59
C2_OneCircleRad_03/red,8.0,gun_pure,1,27.8,health_zero,36
C2_OneCircleRad_03/red,12.0,climb,0,-18.3,health_zero,58
C2_OneCircleRad_03/red,12.0,dive,1,30.6,health_zero,145
C2_OneCircleRad_03/red,12.0,break,0,-50.3,health_zero,39
C2_OneCircleRad_03/red,12.0,extend,0,-16.7,health_zero,146
C2_OneCircleRad_03/red,12.0,gun,1,15.8,health_zero,190
C2_OneCircleRad_03/red,12.0,lag,0,-46.4,health_zero,161
C2_OneCircleRad_03/red,12.0,two_circle,1,27.8,health_zero,86
C2_OneCircleRad_03/red,12.0,level,0,-25.3,health_zero,126
C2_OneCircleRad_03/red,12.0,gun_pure,0,-45.5,health_zero,108
C2_OneCircleRad_03/red,16.0,climb,1,100.0,health_zero,29
C2_OneCircleRad_03/red,16.0,dive,1,91.5,health_zero,41
C2_OneCircleRad_03/red,16.0,break,1,23.5,health_zero,80
C2_OneCircleRad_03/red,16.0,extend,1,59.8,health_zero,65
C2_OneCircleRad_03/red,16.0,gun,1,54.2,health_zero,193
C2_OneCircleRad_03/red,16.0,lag,1,13.8,health_zero,40
C2_OneCircleRad_03/red,16.0,two_circle,1,35.9,health_zero,134
C2_OneCircleRad_03/red,16.0,level,0,-27.0,health_zero,58
C2_OneCircleRad_03/red,16.0,gun_pure,0,-43.6,health_zero,232
C2_OneCircleRad_03/red,20.0,climb,1,30.5,health_zero,35
C2_OneCircleRad_03/red,20.0,dive,1,53.6,health_zero,46
C2_OneCircleRad_03/red,20.0,break,1,48.0,health_zero,66
C2_OneCircleRad_03/red,20.0,extend,1,21.0,health_zero,46
C2_OneCircleRad_03/red,20.0,gun,0,-57.0,health_zero,86
C2_OneCircleRad_03/red,20.0,lag,1,15.5,health_zero,80
C2_OneCircleRad_03/red,20.0,two_circle,1,17.0,health_zero,47
C2_OneCircleRad_03/red,20.0,level,0,-50.4,health_zero,62
C2_OneCircleRad_03/red,20.0,gun_pure,1,45.2,health_zero,119
C2_OneCircleRad_03/red,24.0,climb,1,5.2,health_zero,106
C2_OneCircleRad_03/red,24.0,dive,1,35.2,health_zero,47
C2_OneCircleRad_03/red,24.0,break,1,32.5,health_zero,80
C2_OneCircleRad_03/red,24.0,extend,1,35.6,health_zero,46
C2_OneCircleRad_03/red,24.0,gun,1,8.2,health_zero,38
C2_OneCircleRad_03/red,24.0,lag,1,51.9,health_zero,92
C2_OneCircleRad_03/red,24.0,two_circle,1,56.6,health_zero,103
C2_OneCircleRad_03/red,24.0,level,1,30.5,health_zero,109
C2_OneCircleRad_03/red,24.0,gun_pure,1,8.2,health_zero,38
C2_OneCircleRad_03/red,30.0,climb,1,40.3,health_zero,83
C2_OneCircleRad_03/red,30.0,dive,1,15.4,timeout,300
C2_OneCircleRad_03/red,30.0,break,1,33.2,health_zero,83
C2_OneCircleRad_03/red,30.0,extend,1,64.2,health_zero,92
C2_OneCircleRad_03/red,30.0,gun,1,64.2,health_zero,39
C2_OneCircleRad_03/red,30.0,lag,1,36.9,health_zero,61
C2_OneCircleRad_03/red,30.0,two_circle,1,45.4,health_zero,62
C2_OneCircleRad_03/red,30.0,level,0,-2.1,health_zero,57
C2_OneCircleRad_03/red,30.0,gun_pure,1,64.2,health_zero,39
C2_OneCircleRad_03/red,60.0,climb,1,21.2,health_zero,90
C2_OneCircleRad_03/red,60.0,dive,1,4.3,timeout,300
C2_OneCircleRad_03/red,60.0,break,1,21.2,health_zero,66
C2_OneCircleRad_03/red,60.0,extend,1,21.2,health_zero,83
C2_OneCircleRad_03/red,60.0,gun,1,21.2,health_zero,86
C2_OneCircleRad_03/red,60.0,lag,1,21.2,health_zero,66
C2_OneCircleRad_03/red,60.0,two_circle,1,21.2,health_zero,67
C2_OneCircleRad_03/red,60.0,level,1,21.2,health_zero,66
C2_OneCircleRad_03/red,60.0,gun_pure,1,21.2,health_zero,86
C2_OneCircleRad_03/red,120.0,climb,1,21.2,health_zero,67
C2_OneCircleRad_03/red,120.0,dive,1,21.2,health_zero,67
C2_OneCircleRad_03/red,120.0,break,1,21.2,health_zero,67
C2_OneCircleRad_03/red,120.0,extend,1,21.2,health_zero,67
C2_OneCircleRad_03/red,120.0,gun,1,21.2,health_zero,67
C2_OneCircleRad_03/red,120.0,lag,1,21.2,health_zero,67
C2_OneCircleRad_03/red,120.0,two_circle,1,21.2,health_zero,67
C2_OneCircleRad_03/red,120.0,level,1,21.2,health_zero,67
C2_OneCircleRad_03/red,120.0,gun_pure,1,21.2,health_zero,67
D1_Reactive_06/red,8.0,climb,1,81.1,health_zero,111
D1_Reactive_06/red,8.0,dive,1,7.8,health_zero,60
D1_Reactive_06/red,8.0,break,1,43.7,health_zero,86
D1_Reactive_06/red,8.0,extend,1,79.1,health_zero,100
D1_Reactive_06/red,8.0,gun,1,45.2,health_zero,146
D1_Reactive_06/red,8.0,lag,1,47.5,health_zero,37
D1_Reactive_06/red,8.0,two_circle,1,43.7,health_zero,86
D1_Reactive_06/red,8.0,level,1,64.6,health_zero,143
D1_Reactive_06/red,8.0,gun_pure,1,45.1,health_zero,146
D1_Reactive_06/red,12.0,climb,1,41.4,health_zero,96
D1_Reactive_06/red,12.0,dive,0,-12.8,timeout,300
D1_Reactive_06/red,12.0,break,1,27.0,health_zero,227
D1_Reactive_06/red,12.0,extend,1,80.7,health_zero,84
D1_Reactive_06/red,12.0,gun,1,54.5,health_zero,84
D1_Reactive_06/red,12.0,lag,1,60.8,health_zero,84
D1_Reactive_06/red,12.0,two_circle,1,11.1,health_zero,178
D1_Reactive_06/red,12.0,level,1,39.0,health_zero,107
D1_Reactive_06/red,12.0,gun_pure,1,55.3,health_zero,84
D1_Reactive_06/red,16.0,climb,1,100.0,health_zero,28
D1_Reactive_06/red,16.0,dive,1,91.5,health_zero,42
D1_Reactive_06/red,16.0,break,1,52.0,health_zero,90
D1_Reactive_06/red,16.0,extend,1,42.5,health_zero,93
D1_Reactive_06/red,16.0,gun,1,25.2,timeout,300
D1_Reactive_06/red,16.0,lag,1,15.0,health_zero,42
D1_Reactive_06/red,16.0,two_circle,1,36.4,health_zero,93
D1_Reactive_06/red,16.0,level,1,24.9,health_zero,59
D1_Reactive_06/red,16.0,gun_pure,1,55.7,health_zero,202
D1_Reactive_06/red,20.0,climb,1,31.1,health_zero,35
D1_Reactive_06/red,20.0,dive,1,53.9,health_zero,46
D1_Reactive_06/red,20.0,break,1,9.1,timeout,300
D1_Reactive_06/red,20.0,extend,1,20.8,health_zero,46
D1_Reactive_06/red,20.0,gun,1,46.8,health_zero,185
D1_Reactive_06/red,20.0,lag,1,44.5,health_zero,257
D1_Reactive_06/red,20.0,two_circle,1,17.9,health_zero,47
D1_Reactive_06/red,20.0,level,0,-56.5,health_zero,256
D1_Reactive_06/red,20.0,gun_pure,1,44.3,health_zero,102
D1_Reactive_06/red,24.0,climb,1,9.6,health_zero,103
D1_Reactive_06/red,24.0,dive,1,15.9,timeout,300
D1_Reactive_06/red,24.0,break,1,54.0,health_zero,124
D1_Reactive_06/red,24.0,extend,1,29.2,health_zero,47
D1_Reactive_06/red,24.0,gun,1,11.2,health_zero,39
D1_Reactive_06/red,24.0,lag,1,57.4,health_zero,113
D1_Reactive_06/red,24.0,two_circle,1,61.5,health_zero,115
D1_Reactive_06/red,24.0,level,1,43.7,health_zero,86
D1_Reactive_06/red,24.0,gun_pure,1,11.2,health_zero,39
D1_Reactive_06/red,30.0,climb,0,-0.3,health_zero,53
D1_Reactive_06/red,30.0,dive,1,64.2,health_zero,275
D1_Reactive_06/red,30.0,break,1,45.8,health_zero,87
D1_Reactive_06/red,30.0,extend,1,20.2,health_zero,253
D1_Reactive_06/red,30.0,gun,0,-12.3,health_zero,144
D1_Reactive_06/red,30.0,lag,1,52.0,health_zero,169
D1_Reactive_06/red,30.0,two_circle,1,60.8,health_zero,88
D1_Reactive_06/red,30.0,level,1,19.1,health_zero,65
D1_Reactive_06/red,30.0,gun_pure,1,28.9,health_zero,104
D1_Reactive_06/red,60.0,climb,1,43.7,health_zero,86
D1_Reactive_06/red,60.0,dive,0,-9.3,timeout,300
D1_Reactive_06/red,60.0,break,1,43.7,health_zero,86
D1_Reactive_06/red,60.0,extend,1,43.7,health_zero,87
D1_Reactive_06/red,60.0,gun,1,43.7,health_zero,86
D1_Reactive_06/red,60.0,lag,1,43.7,health_zero,95
D1_Reactive_06/red,60.0,two_circle,1,43.7,health_zero,86
D1_Reactive_06/red,60.0,level,1,43.7,health_zero,86
D1_Reactive_06/red,60.0,gun_pure,1,43.7,health_zero,86
D1_Reactive_06/red,120.0,climb,1,43.7,health_zero,86
D1_Reactive_06/red,120.0,dive,1,43.7,health_zero,86
D1_Reactive_06/red,120.0,break,1,43.7,health_zero,86
D1_Reactive_06/red,120.0,extend,1,43.7,health_zero,86
D1_Reactive_06/red,120.0,gun,1,43.7,health_zero,86
D1_Reactive_06/red,120.0,lag,1,43.7,health_zero,86
D1_Reactive_06/red,120.0,two_circle,1,43.7,health_zero,86
D1_Reactive_06/red,120.0,level,1,43.7,health_zero,86
D1_Reactive_06/red,120.0,gun_pure,1,43.7,health_zero,86
D3_Scissors_01/red,8.0,climb,1,72.0,health_zero,72
D3_Scissors_01/red,8.0,dive,1,17.2,health_zero,66
D3_Scissors_01/red,8.0,break,1,64.2,health_zero,84
D3_Scissors_01/red,8.0,extend,0,-0.0,timeout,300
D3_Scissors_01/red,8.0,gun,1,30.2,health_zero,45
D3_Scissors_01/red,8.0,lag,1,56.6,health_zero,86
D3_Scissors_01/red,8.0,two_circle,1,64.2,health_zero,84
D3_Scissors_01/red,8.0,level,1,14.9,health_zero,155
D3_Scissors_01/red,8.0,gun_pure,1,30.0,health_zero,45
D3_Scissors_01/red,12.0,climb,1,55.5,health_zero,93
D3_Scissors_01/red,12.0,dive,1,8.8,timeout,300
D3_Scissors_01/red,12.0,break,0,-6.0,timeout,300
D3_Scissors_01/red,12.0,extend,1,42.6,health_zero,112
D3_Scissors_01/red,12.0,gun,1,7.0,health_zero,287
D3_Scissors_01/red,12.0,lag,1,55.6,health_zero,88
D3_Scissors_01/red,12.0,two_circle,0,-34.9,health_zero,245
D3_Scissors_01/red,12.0,level,0,-30.5,health_zero,153
D3_Scissors_01/red,12.0,gun_pure,0,-29.7,timeout,300
D3_Scissors_01/red,16.0,climb,1,100.0,health_zero,29
D3_Scissors_01/red,16.0,dive,1,91.5,health_zero,46
D3_Scissors_01/red,16.0,break,1,9.7,health_zero,71
D3_Scissors_01/red,16.0,extend,1,45.6,health_zero,68
D3_Scissors_01/red,16.0,gun,1,43.9,health_zero,86
D3_Scissors_01/red,16.0,lag,1,20.1,health_zero,45
D3_Scissors_01/red,16.0,two_circle,0,-14.2,health_zero,223
D3_Scissors_01/red,16.0,level,1,21.2,timeout,300
D3_Scissors_01/red,16.0,gun_pure,1,27.9,health_zero,256
D3_Scissors_01/red,20.0,climb,1,31.4,health_zero,35
D3_Scissors_01/red,20.0,dive,1,53.9,health_zero,46
D3_Scissors_01/red,20.0,break,1,63.7,health_zero,185
D3_Scissors_01/red,20.0,extend,1,19.9,health_zero,46
D3_Scissors_01/red,20.0,gun,1,18.5,health_zero,132
D3_Scissors_01/red,20.0,lag,1,63.6,health_zero,195
D3_Scissors_01/red,20.0,two_circle,1,18.1,health_zero,47
D3_Scissors_01/red,20.0,level,1,3.1,health_zero,66
D3_Scissors_01/red,20.0,gun_pure,1,62.5,health_zero,68
D3_Scissors_01/red,24.0,climb,1,2.4,health_zero,132
D3_Scissors_01/red,24.0,dive,1,46.9,health_zero,47
D3_Scissors_01/red,24.0,break,1,64.2,health_zero,134
D3_Scissors_01/red,24.0,extend,1,56.9,health_zero,47
D3_Scissors_01/red,24.0,gun,1,27.0,health_zero,93
D3_Scissors_01/red,24.0,lag,1,46.7,timeout,300
D3_Scissors_01/red,24.0,two_circle,1,52.4,timeout,300
D3_Scissors_01/red,24.0,level,1,64.2,health_zero,84
D3_Scissors_01/red,24.0,gun_pure,1,27.0,health_zero,93
D3_Scissors_01/red,30.0,climb,1,64.2,health_zero,142
D3_Scissors_01/red,30.0,dive,1,64.2,health_zero,54
D3_Scissors_01/red,30.0,break,1,64.2,health_zero,84
D3_Scissors_01/red,30.0,extend,0,-5.4,health_zero,99
D3_Scissors_01/red,30.0,gun,1,64.2,health_zero,143
D3_Scissors_01/red,30.0,lag,1,64.2,health_zero,84
D3_Scissors_01/red,30.0,two_circle,1,64.2,health_zero,84
D3_Scissors_01/red,30.0,level,1,64.2,health_zero,84
D3_Scissors_01/red,30.0,gun_pure,1,64.2,health_zero,143
D3_Scissors_01/red,60.0,climb,1,64.2,health_zero,67
D3_Scissors_01/red,60.0,dive,1,8.4,timeout,300
D3_Scissors_01/red,60.0,break,1,64.2,health_zero,85
D3_Scissors_01/red,60.0,extend,1,30.1,health_zero,288
D3_Scissors_01/red,60.0,gun,1,64.2,health_zero,67
D3_Scissors_01/red,60.0,lag,1,64.2,health_zero,161
D3_Scissors_01/red,60.0,two_circle,1,64.2,health_zero,163
D3_Scissors_01/red,60.0,level,1,64.2,health_zero,82
D3_Scissors_01/red,60.0,gun_pure,1,64.2,health_zero,67
D3_Scissors_01/red,120.0,climb,1,64.2,health_zero,84
D3_Scissors_01/red,120.0,dive,1,64.2,health_zero,84
D3_Scissors_01/red,120.0,break,1,64.2,health_zero,84
D3_Scissors_01/red,120.0,extend,1,64.2,health_zero,84
D3_Scissors_01/red,120.0,gun,1,64.2,health_zero,84
D3_Scissors_01/red,120.0,lag,1,64.2,health_zero,84
D3_Scissors_01/red,120.0,two_circle,1,64.2,health_zero,84
D3_Scissors_01/red,120.0,level,1,64.2,health_zero,84
D3_Scissors_01/red,120.0,gun_pure,1,64.2,health_zero,84
E2_Passive_01/red,8.0,climb,1,30.5,health_zero,43
E2_Passive_01/red,8.0,dive,0,-34.2,health_zero,35
E2_Passive_01/red,8.0,break,1,30.6,health_zero,40
E2_Passive_01/red,8.0,extend,1,15.8,health_zero,44
E2_Passive_01/red,8.0,gun,0,-2.0,health_zero,36
E2_Passive_01/red,8.0,lag,1,16.7,health_zero,46
E2_Passive_01/red,8.0,two_circle,1,30.7,health_zero,40
E2_Passive_01/red,8.0,level,1,17.6,health_zero,35
E2_Passive_01/red,8.0,gun_pure,1,13.4,health_zero,37
E2_Passive_01/red,12.0,climb,1,48.3,health_zero,46
E2_Passive_01/red,12.0,dive,1,100.0,health_zero,51
E2_Passive_01/red,12.0,break,0,-28.6,health_zero,40
E2_Passive_01/red,12.0,extend,1,18.9,health_zero,39
E2_Passive_01/red,12.0,gun,1,4.3,health_zero,47
E2_Passive_01/red,12.0,lag,0,-7.4,health_zero,35
E2_Passive_01/red,12.0,two_circle,1,3.3,health_zero,42
E2_Passive_01/red,12.0,level,0,-32.5,health_zero,40
E2_Passive_01/red,12.0,gun_pure,1,4.6,health_zero,47
E2_Passive_01/red,16.0,climb,1,90.5,health_zero,31
E2_Passive_01/red,16.0,dive,1,90.5,health_zero,59
E2_Passive_01/red,16.0,break,1,15.7,health_zero,45
E2_Passive_01/red,16.0,extend,1,3.6,health_zero,45
E2_Passive_01/red,16.0,gun,0,-18.4,health_zero,36
E2_Passive_01/red,16.0,lag,0,-7.5,health_zero,34
E2_Passive_01/red,16.0,two_circle,1,19.5,health_zero,45
E2_Passive_01/red,16.0,level,1,63.2,health_zero,33
E2_Passive_01/red,16.0,gun_pure,0,-22.1,health_zero,37
E2_Passive_01/red,20.0,climb,0,-9.4,health_zero,37
E2_Passive_01/red,20.0,dive,0,-10.6,health_zero,32
E2_Passive_01/red,20.0,break,1,4.1,health_zero,38
E2_Passive_01/red,20.0,extend,1,25.8,health_zero,47
E2_Passive_01/red,20.0,gun,0,-5.5,health_zero,40
E2_Passive_01/red,20.0,lag,1,7.5,health_zero,42
E2_Passive_01/red,20.0,two_circle,0,-4.4,health_zero,43
E2_Passive_01/red,20.0,level,0,-11.7,health_zero,39
E2_Passive_01/red,20.0,gun_pure,1,4.3,health_zero,43
E2_Passive_01/red,24.0,climb,1,24.9,health_zero,39
E2_Passive_01/red,24.0,dive,0,-1.4,health_zero,36
E2_Passive_01/red,24.0,break,1,20.3,health_zero,35
E2_Passive_01/red,24.0,extend,1,22.6,health_zero,40
E2_Passive_01/red,24.0,gun,1,36.6,health_zero,42
E2_Passive_01/red,24.0,lag,1,20.2,health_zero,35
E2_Passive_01/red,24.0,two_circle,1,18.2,health_zero,35
E2_Passive_01/red,24.0,level,1,17.6,health_zero,35
E2_Passive_01/red,24.0,gun_pure,1,36.6,health_zero,42
E2_Passive_01/red,30.0,climb,1,36.6,health_zero,36
E2_Passive_01/red,30.0,dive,1,36.6,health_zero,36
E2_Passive_01/red,30.0,break,1,20.4,health_zero,35
E2_Passive_01/red,30.0,extend,1,19.1,health_zero,35
E2_Passive_01/red,30.0,gun,1,36.6,health_zero,35
E2_Passive_01/red,30.0,lag,1,21.0,health_zero,35
E2_Passive_01/red,30.0,two_circle,1,20.8,health_zero,35
E2_Passive_01/red,30.0,level,1,28.5,health_zero,35
E2_Passive_01/red,30.0,gun_pure,1,36.6,health_zero,35
E2_Passive_01/red,60.0,climb,1,17.6,health_zero,35
E2_Passive_01/red,60.0,dive,1,17.6,health_zero,35
E2_Passive_01/red,60.0,break,1,17.6,health_zero,35
E2_Passive_01/red,60.0,extend,1,17.6,health_zero,35
E2_Passive_01/red,60.0,gun,1,17.6,health_zero,35
E2_Passive_01/red,60.0,lag,1,17.6,health_zero,35
E2_Passive_01/red,60.0,two_circle,1,17.6,health_zero,35
E2_Passive_01/red,60.0,level,1,17.6,health_zero,35
E2_Passive_01/red,60.0,gun_pure,1,17.6,health_zero,35
E2_Passive_01/red,120.0,climb,1,17.6,health_zero,35
E2_Passive_01/red,120.0,dive,1,17.6,health_zero,35
E2_Passive_01/red,120.0,break,1,17.6,health_zero,35
E2_Passive_01/red,120.0,extend,1,17.6,health_zero,35
E2_Passive_01/red,120.0,gun,1,17.6,health_zero,35
E2_Passive_01/red,120.0,lag,1,17.6,health_zero,35
E2_Passive_01/red,120.0,two_circle,1,17.6,health_zero,35
E2_Passive_01/red,120.0,level,1,17.6,health_zero,35
E2_Passive_01/red,120.0,gun_pure,1,17.6,health_zero,35
