slot,dur_a,dur_b,a_임멜만,a_스플릿S,a_루프,a_급상승,a_급강하,a_배면기타,b_임멜만,b_스플릿S,b_루프,b_급상승,b_급강하,b_배면기타
A1_PurePursuer_00_blue,32.9,32.9,1,0,0,0,0,0,1,0,0,0,0,0
A1_PurePursuer_00_red,32.9,32.9,1,0,0,0,0,0,1,0,0,0,0,0
A1_PurePursuer_02_blue,32.9,32.9,1,0,0,0,0,0,1,0,0,0,0,0
A1_PurePursuer_02_red,32.9,32.9,1,0,0,0,0,0,1,0,0,0,0,0
A1_PurePursuer_05_blue,32.9,32.9,1,0,0,0,0,0,1,0,0,0,0,0
A1_PurePursuer_05_red,32.9,32.9,1,0,0,0,0,0,1,0,0,0,0,0
A1_PurePursuer_07_blue,32.9,32.9,1,0,0,0,0,0,1,0,0,0,0,0
A1_PurePursuer_07_red,32.9,32.9,1,0,0,0,0,0,1,0,0,0,0,0
A1_PurePursuer_09_blue,32.9,32.9,1,0,0,0,0,0,1,0,0,0,0,0
A1_PurePursuer_09_red,32.9,32.9,1,0,0,0,0,0,1,0,0,0,0,0
A2_GunTracker_00_blue,34.3,34.3,0,0,0,0,0,1,0,0,0,0,0,1
A2_GunTracker_00_red,34.3,34.3,0,0,0,0,0,1,0,0,0,0,0,1
A2_GunTracker_03_blue,33.9,33.9,1,0,0,0,0,0,1,0,0,0,0,0
A2_GunTracker_03_red,33.9,33.9,1,0,0,0,0,0,1,0,0,0,0,0
A2_GunTracker_06_blue,34.3,34.3,0,0,0,0,0,1,0,0,0,0,0,1
A2_GunTracker_06_red,34.3,34.3,0,0,0,0,0,1,0,0,0,0,0,1
A2_GunTracker_08_blue,34.8,34.8,0,0,0,0,0,1,0,0,0,0,0,1
A2_GunTracker_08_red,34.9,34.9,0,0,0,0,0,1,0,0,0,0,0,1
A2_GunTracker_11_blue,34.5,34.5,1,0,0,0,0,0,1,0,0,0,0,0
A2_GunTracker_11_red,34.5,34.5,1,0,0,0,0,0,1,0,0,0,0,0
A3_LagAngler_00_blue,297.5,297.5,0,0,0,0,0,1,0,0,0,0,0,1
A3_LagAngler_00_red,300.0,300.0,0,0,0,0,0,1,0,0,0,0,0,1
A3_LagAngler_03_blue,297.5,297.5,0,0,0,0,0,1,0,0,0,0,0,1
A3_LagAngler_03_red,300.0,300.0,0,0,0,0,0,1,0,0,0,0,0,1
A3_LagAngler_06_blue,297.5,297.5,0,0,0,0,0,1,0,0,0,0,0,1
A3_LagAngler_06_red,300.0,300.0,0,0,0,0,0,1,0,0,0,0,0,1
A3_LagAngler_08_blue,56.7,56.7,0,0,0,1,0,1,0,0,0,1,0,1
A3_LagAngler_08_red,89.4,89.4,0,0,0,0,0,1,0,0,0,0,0,1
A3_LagAngler_11_blue,56.7,56.7,0,0,0,1,0,1,0,0,0,1,0,1
A3_LagAngler_11_red,89.4,89.4,0,0,0,0,0,1,0,0,0,0,0,1
B1_EnergyFighter_00_blue,37.2,37.2,0,0,0,0,0,0,0,0,0,0,0,0
B1_EnergyFighter_03_blue,37.2,37.2,0,0,0,0,0,0,0,0,0,0,0,0
B1_EnergyFighter_06_blue,37.2,37.2,0,0,0,0,0,0,0,0,0,0,0,0
B1_EnergyFighter_08_blue,37.2,37.2,0,0,0,0,0,0,0,0,0,0,0,0
B1_EnergyFighter_11_blue,37.2,37.2,0,0,0,0,0,0,0,0,0,0,0,0
B2_Extender_00_blue,44.9,44.9,0,0,0,0,0,0,0,0,0,0,0,0
B2_Extender_00_red,47.6,47.6,0,0,1,0,0,0,0,0,1,0,0,0
B2_Extender_02_blue,44.7,44.7,0,0,0,0,0,0,0,0,0,0,0,0
B2_Extender_02_red,202.9,202.9,0,1,3,0,0,0,0,1,3,0,0,0
B2_Extender_04_blue,45.4,45.4,0,0,0,0,0,0,0,0,0,0,0,0
B2_Extender_04_red,222.2,222.2,0,0,3,0,0,0,0,0,3,0,0,0
B2_Extender_06_blue,46.4,46.4,0,0,1,0,0,0,0,0,1,0,0,0
B2_Extender_06_red,47.8,47.8,0,0,0,0,0,1,0,0,0,0,0,1
B2_Extender_08_blue,46.9,46.9,0,0,1,0,0,0,0,0,1,0,0,0
B2_Extender_08_red,188.4,188.4,0,0,3,0,1,0,0,0,3,0,1,0
C1_TwoCircleRate_00_blue,41.0,41.0,0,1,0,0,0,0,0,1,0,0,0,0
C1_TwoCircleRate_00_red,60.4,60.4,0,0,0,1,0,1,0,0,0,1,0,1
C1_TwoCircleRate_01_blue,41.0,41.0,0,1,0,0,0,0,0,1,0,0,0,0
C1_TwoCircleRate_01_red,60.4,60.4,0,0,0,1,0,1,0,0,0,1,0,1
C1_TwoCircleRate_03_blue,43.6,43.6,0,1,0,0,0,0,0,1,0,0,0,0
C1_TwoCircleRate_04_blue,43.6,43.6,0,1,0,0,0,0,0,1,0,0,0,0
C1_TwoCircleRate_05_blue,43.6,43.6,0,1,0,0,0,0,0,1,0,0,0,0
C2_OneCircleRad_00_blue,41.0,41.0,0,1,0,0,0,0,0,1,0,0,0,0
C2_OneCircleRad_00_red,60.4,60.4,0,0,0,1,0,1,0,0,0,1,0,1
C2_OneCircleRad_01_blue,41.0,41.0,0,1,0,0,0,0,0,1,0,0,0,0
C2_OneCircleRad_01_red,60.4,60.4,0,0,0,1,0,1,0,0,0,1,0,1
C2_OneCircleRad_03_blue,43.6,43.6,0,1,0,0,0,0,0,1,0,0,0,0
C2_OneCircleRad_04_blue,43.6,43.6,0,1,0,0,0,0,0,1,0,0,0,0
C2_OneCircleRad_05_blue,43.6,43.6,0,1,0,0,0,0,0,1,0,0,0,0
C3_Lufbery_00_blue,37.2,37.2,0,0,0,0,0,0,0,0,0,0,0,0
C3_Lufbery_02_blue,37.2,37.2,0,0,0,0,0,0,0,0,0,0,0,0
C3_Lufbery_04_blue,37.2,37.2,0,0,0,0,0,0,0,0,0,0,0,0
C3_Lufbery_06_blue,37.3,37.3,0,0,0,0,0,0,0,0,0,0,0,0
C3_Lufbery_08_blue,37.3,37.3,0,0,0,0,0,0,0,0,0,0,0,0
D1_Reactive_00_blue,43.4,43.4,0,1,0,0,0,0,0,1,0,0,0,0
D1_Reactive_00_red,204.4,204.4,0,0,0,0,0,1,0,0,0,0,0,1
D1_Reactive_03_blue,43.4,43.4,0,1,0,0,0,0,0,1,0,0,0,0
D1_Reactive_03_red,204.4,204.4,0,0,0,0,0,1,0,0,0,0,0,1
D1_Reactive_06_blue,43.4,43.4,0,1,0,0,0,0,0,1,0,0,0,0
D1_Reactive_08_blue,46.2,46.2,1,0,0,0,0,0,1,0,0,0,0,0
D1_Reactive_08_red,136.7,136.7,0,0,0,0,0,1,0,0,0,0,0,1
D1_Reactive_11_blue,46.2,46.2,1,0,0,0,0,0,1,0,0,0,0,0
D1_Reactive_11_red,136.7,136.7,0,0,0,0,0,1,0,0,0,0,0,1
D2_LastDitch_00_blue,73.1,73.1,0,0,0,0,0,0,0,0,0,0,0,0
D2_LastDitch_00_red,74.0,74.0,0,0,0,0,0,2,0,0,0,0,0,2
D2_LastDitch_01_blue,73.1,73.1,0,0,0,0,0,0,0,0,0,0,0,0
D2_LastDitch_01_red,74.0,74.0,0,0,0,0,0,2,0,0,0,0,0,2
D2_LastDitch_03_blue,60.4,60.4,1,0,0,0,0,0,1,0,0,0,0,0
D2_LastDitch_03_red,60.6,60.6,0,0,0,0,0,1,0,0,0,0,0,1
D2_LastDitch_04_blue,62.1,62.1,1,0,0,0,0,0,1,0,0,0,0,0
D2_LastDitch_04_red,61.9,61.9,1,0,0,0,0,0,1,0,0,0,0,0
D2_LastDitch_05_blue,62.1,62.1,1,0,0,0,0,0,1,0,0,0,0,0
D2_LastDitch_05_red,61.9,61.9,1,0,0,0,0,0,1,0,0,0,0,0
D3_Scissors_00_blue,44.3,44.3,0,1,0,0,0,0,0,1,0,0,0,0
D3_Scissors_01_blue,44.3,44.3,0,1,0,0,0,0,0,1,0,0,0,0
D3_Scissors_02_blue,44.2,44.2,0,1,0,0,0,0,0,1,0,0,0,0
E1_AdaptiveAce_00_red,62.3,62.3,0,0,0,1,0,1,0,0,0,1,0,1
E1_AdaptiveAce_06_red,230.5,230.5,1,0,1,0,0,5,1,0,1,0,0,5
E1_AdaptiveAce_08_red,62.0,62.0,0,0,0,0,0,0,0,0,0,0,0,0
anchor_ace_red,60.8,60.8,0,0,0,0,0,0,0,0,0,0,0,0
anchor_aggressive_blue,32.9,32.9,1,0,0,0,0,0,1,0,0,0,0,0
anchor_aggressive_red,32.9,32.9,1,0,0,0,0,0,1,0,0,0,0,0
anchor_defensive_blue,41.9,41.9,0,1,0,0,0,0,0,1,0,0,0,0
anchor_defensive_red,60.5,60.5,0,0,0,1,0,1,0,0,0,1,0,1
anchor_simple_blue,32.9,32.9,1,0,0,0,0,0,1,0,0,0,0,0
anchor_simple_red,32.9,32.9,1,0,0,0,0,0,1,0,0,0,0,0
official_attacker_blue,33.5,33.5,1,0,0,0,0,0,1,0,0,0,0,0
official_attacker_red,33.5,33.5,1,0,0,0,0,0,1,0,0,0,0,0
official_default_blue,41.4,41.4,0,1,0,0,0,0,0,1,0,0,0,0
official_default_red,119.0,119.0,0,0,0,0,0,1,0,0,0,0,0,1
official_energyfighter_blue,75.9,75.9,0,0,0,0,0,0,0,0,0,0,0,0
official_energyfighter_red,75.3,75.3,0,0,0,0,0,0,0,0,0,0,0,0
official_headon_blue,36.0,36.0,0,0,0,0,0,0,0,0,0,0,0,0
official_headon_red,36.0,36.0,0,0,0,0,0,0,0,0,0,0,0,0
redteam_energy_blue,44.6,44.6,0,0,0,0,0,0,0,0,0,0,0,0
redteam_energy_red,44.7,44.7,0,0,0,0,0,0,0,0,0,0,0,0
redteam_pressure_blue,32.9,32.9,1,0,0,0,0,0,1,0,0,0,0,0
redteam_pressure_red,32.9,32.9,1,0,0,0,0,0,1,0,0,0,0,0
