slot,wins,draws,losses,n
A1_PurePursuer_00/blue,7,0,13,20
A1_PurePursuer_00/red,11,0,9,20
A1_PurePursuer_02/blue,7,0,13,20
A1_PurePursuer_02/red,11,0,9,20
A1_PurePursuer_05/blue,7,0,13,20
A1_PurePursuer_05/red,11,0,9,20
A1_PurePursuer_07/blue,7,0,13,20
A1_PurePursuer_07/red,11,0,9,20
A1_PurePursuer_09/blue,7,0,13,20
A1_PurePursuer_09/red,11,0,9,20
A2_GunTracker_00/blue,6,0,14,20
A2_GunTracker_00/red,12,0,8,20
A2_GunTracker_03/blue,4,0,16,20
A2_GunTracker_03/red,7,0,13,20
A2_GunTracker_06/blue,8,0,12,20
A2_GunTracker_06/red,13,0,7,20
A2_GunTracker_08/blue,8,0,12,20
A2_GunTracker_08/red,12,0,8,20
A2_GunTracker_11/blue,7,0,13,20
A2_GunTracker_11/red,10,0,10,20
A3_LagAngler_00/blue,11,0,9,20
A3_LagAngler_00/red,11,0,9,20
A3_LagAngler_03/blue,11,0,9,20
A3_LagAngler_03/red,11,0,9,20
A3_LagAngler_06/blue,11,0,9,20
A3_LagAngler_06/red,11,0,9,20
A3_LagAngler_08/blue,6,0,14,20
A3_LagAngler_08/red,7,0,13,20
A3_LagAngler_11/blue,6,0,14,20
A3_LagAngler_11/red,7,0,13,20
B1_EnergyFighter_00/blue,16,0,4,20
B1_EnergyFighter_00/red,13,0,7,20
B1_EnergyFighter_03/blue,16,0,4,20
B1_EnergyFighter_03/red,13,0,7,20
B1_EnergyFighter_06/blue,16,0,4,20
B1_EnergyFighter_06/red,12,0,8,20
B1_EnergyFighter_08/blue,16,0,4,20
B1_EnergyFighter_08/red,12,0,8,20
B1_EnergyFighter_11/blue,16,0,4,20
B1_EnergyFighter_11/red,12,0,8,20
B2_Extender_00/blue,18,0,2,20
B2_Extender_00/red,18,0,2,20
B2_Extender_02/blue,18,0,2,20
B2_Extender_02/red,16,0,4,20
B2_Extender_04/blue,18,0,2,20
B2_Extender_04/red,17,0,3,20
B2_Extender_06/blue,19,0,1,20
B2_Extender_06/red,19,0,1,20
B2_Extender_08/blue,16,0,4,20
B2_Extender_08/red,13,0,7,20
C1_TwoCircleRate_00/blue,17,0,3,20
C1_TwoCircleRate_00/red,17,0,3,20
C1_TwoCircleRate_01/blue,17,0,3,20
C1_TwoCircleRate_01/red,17,0,3,20
C1_TwoCircleRate_03/blue,16,0,4,20
C1_TwoCircleRate_03/red,15,0,5,20
C1_TwoCircleRate_04/blue,16,0,4,20
C1_TwoCircleRate_04/red,15,0,5,20
C1_TwoCircleRate_05/blue,16,0,4,20
C1_TwoCircleRate_05/red,15,0,5,20
C2_OneCircleRad_00/blue,17,0,3,20
C2_OneCircleRad_00/red,17,0,3,20
C2_OneCircleRad_01/blue,17,0,3,20
C2_OneCircleRad_01/red,17,0,3,20
C2_OneCircleRad_03/blue,16,0,4,20
C2_OneCircleRad_03/red,15,0,5,20
C2_OneCircleRad_04/blue,16,0,4,20
C2_OneCircleRad_04/red,15,0,5,20
C2_OneCircleRad_05/blue,16,0,4,20
C2_OneCircleRad_05/red,15,0,5,20
C3_Lufbery_00/blue,16,0,4,20
C3_Lufbery_00/red,13,0,7,20
C3_Lufbery_02/blue,16,0,4,20
C3_Lufbery_02/red,13,0,7,20
C3_Lufbery_04/blue,16,0,4,20
C3_Lufbery_04/red,12,0,8,20
C3_Lufbery_06/blue,13,0,7,20
C3_Lufbery_06/red,17,1,2,20
C3_Lufbery_08/blue,15,0,5,20
C3_Lufbery_08/red,16,1,3,20
D1_Reactive_00/blue,18,0,2,20
D1_Reactive_00/red,16,0,4,20
D1_Reactive_03/blue,18,0,2,20
D1_Reactive_03/red,16,0,4,20
D1_Reactive_06/blue,18,0,2,20
D1_Reactive_06/red,18,0,2,20
D1_Reactive_08/blue,16,0,4,20
D1_Reactive_08/red,17,0,3,20
D1_Reactive_11/blue,16,0,4,20
D1_Reactive_11/red,17,0,3,20
D2_LastDitch_00/blue,18,0,2,20
D2_LastDitch_00/red,19,0,1,20
D2_LastDitch_01/blue,18,0,2,20
D2_LastDitch_01/red,19,0,1,20
D2_LastDitch_03/blue,14,0,6,20
D2_LastDitch_03/red,18,0,2,20
D2_LastDitch_04/blue,16,0,4,20
D2_LastDitch_04/red,16,0,4,20
D2_LastDitch_05/blue,16,0,4,20
D2_LastDitch_05/red,16,0,4,20
D3_Scissors_00/blue,18,0,2,20
D3_Scissors_00/red,20,0,0,20
D3_Scissors_01/blue,19,0,1,20
D3_Scissors_01/red,17,0,3,20
D3_Scissors_02/blue,17,0,3,20
D3_Scissors_02/red,17,0,3,20
E1_AdaptiveAce_00/blue,18,0,2,20
E1_AdaptiveAce_00/red,19,0,1,20
E1_AdaptiveAce_03/blue,17,0,3,20
E1_AdaptiveAce_03/red,15,0,5,20
E1_AdaptiveAce_06/blue,17,0,3,20
E1_AdaptiveAce_06/red,17,0,3,20
E1_AdaptiveAce_08/blue,18,1,1,20
E1_AdaptiveAce_08/red,18,0,2,20
E1_AdaptiveAce_11/blue,17,0,3,20
E1_AdaptiveAce_11/red,14,0,6,20
E2_Passive_00/blue,3,0,17,20
E2_Passive_00/red,5,0,15,20
E2_Passive_01/blue,3,0,17,20
E2_Passive_01/red,5,0,15,20
agents/champion128/blue,12,0,8,20
agents/champion128/red,9,0,11,20
agents/champion128_f33/blue,13,0,7,20
agents/champion128_f33/red,12,0,8,20
anchor_ace/blue,20,0,0,20
anchor_ace/red,17,0,3,20
anchor_aggressive/blue,7,0,13,20
anchor_aggressive/red,11,0,9,20
anchor_defensive/blue,18,0,2,20
anchor_defensive/red,17,0,3,20
anchor_simple/blue,7,0,13,20
anchor_simple/red,11,0,9,20
official_attacker/blue,10,0,10,20
official_attacker/red,11,0,9,20
official_controlzone/blue,17,0,3,20
official_controlzone/red,16,0,4,20
official_default/blue,18,0,2,20
official_default/red,16,0,4,20
official_energyfighter/blue,16,0,4,20
official_energyfighter/red,16,0,4,20
official_headon/blue,18,0,2,20
official_headon/red,18,0,2,20
official_twocircle/blue,14,0,6,20
official_twocircle/red,14,0,6,20
redteam_allround/blue,18,0,2,20
redteam_allround/red,17,0,3,20
redteam_energy/blue,14,0,6,20
redteam_energy/red,14,0,6,20
redteam_pressure/blue,9,0,11,20
redteam_pressure/red,11,0,9,20
