red,scenario,side,outcome,win,loss,cond,t,t_wez_entry_s,wez_dwell_s,foe_wez_dwell_s,esret,es_rel_final,min_rng_ft,hp_delta
energy_fighter,headon,blue,격추,True,False,health_zero,166.8,19.0,6.0,1.9,0.668,-1024.0,482.0,68.1
energy_fighter,headon,red,패,False,True,hard_deck,221.275,19.0,4.9,2.9,0.318,-4384.0,514.0,38.8
energy_fighter,perch_offense,blue,격추,True,False,health_zero,3.0833333333333335,0.0,3.1,0.0,0.919,2540.0,2509.0,100.0
energy_fighter,perch_offense,red,패(적격추),False,True,health_zero,2.25,,0.0,2.3,0.945,-5370.0,2509.0,-100.0
energy_fighter,perch_defense,blue,패(적격추),False,True,health_zero,2.25,,0.0,2.3,0.945,-5370.0,2509.0,-100.0
energy_fighter,perch_defense,red,격추,True,False,health_zero,3.0833333333333335,0.0,3.1,0.0,0.919,2540.0,2509.0,100.0
energy_fighter,sudden_death,blue,판정승,True,False,timeout,300.0,17.8,4.0,3.5,0.94,242.0,240.0,13.3
energy_fighter,sudden_death,red,격추,True,False,health_zero,67.15,17.8,3.9,3.6,1.115,5923.0,240.0,12.6
attacker,headon,blue,격추,True,False,health_zero,34.40833333333333,19.0,2.7,1.5,1.108,-206.0,196.0,65.8
attacker,headon,red,격추,True,False,health_zero,34.4,19.0,2.7,1.5,1.108,-206.0,196.0,65.8
attacker,perch_offense,blue,격추,True,False,health_zero,3.0833333333333335,0.0,3.1,0.0,0.919,2540.0,2509.0,100.0
attacker,perch_offense,red,패(적격추),False,True,health_zero,2.25,,0.0,2.3,0.945,-5370.0,2509.0,-100.0
attacker,perch_defense,blue,패(적격추),False,True,health_zero,2.25,,0.0,2.3,0.945,-5370.0,2509.0,-100.0
attacker,perch_defense,red,격추,True,False,health_zero,3.0833333333333335,0.0,3.1,0.0,0.919,2540.0,2509.0,100.0
attacker,sudden_death,blue,격추,True,False,health_zero,37.916666666666664,17.2,2.5,2.5,1.064,324.0,96.0,19.5
attacker,sudden_death,red,격추,True,False,health_zero,37.93333333333333,17.2,2.5,2.5,1.064,319.0,96.0,19.2
textbook_headon,headon,blue,격추,True,False,health_zero,35.675,19.0,2.2,2.2,0.796,1139.0,19.0,0.2
textbook_headon,headon,red,격추,True,False,health_zero,35.675,19.0,2.2,2.2,0.795,1134.0,19.0,0.2
textbook_headon,perch_offense,blue,격추,True,False,health_zero,3.0833333333333335,0.0,3.1,0.0,0.919,2540.0,2509.0,100.0
textbook_headon,perch_offense,red,패(적격추),False,True,health_zero,2.3,,0.0,2.4,0.943,-5769.0,2489.0,-100.0
textbook_headon,perch_defense,blue,패(적격추),False,True,health_zero,2.3,,0.0,2.4,0.943,-5769.0,2489.0,-100.0
textbook_headon,perch_defense,red,격추,True,False,health_zero,3.0833333333333335,0.0,3.1,0.0,0.919,2540.0,2509.0,100.0
textbook_headon,sudden_death,blue,격추,True,False,health_zero,152.025,17.5,3.0,2.6,0.226,-795.0,17.0,13.9
textbook_headon,sudden_death,red,격추,True,False,health_zero,152.18333333333334,17.5,3.1,2.6,0.237,-170.0,17.0,18.5
two_circle,headon,blue,격추,True,False,health_zero,35.43333333333333,19.1,3.4,3.1,1.147,303.0,122.0,30.4
two_circle,headon,red,격추,True,False,health_zero,35.45,19.1,3.4,3.1,1.147,314.0,122.0,29.5
two_circle,perch_offense,blue,격추,True,False,health_zero,3.0833333333333335,0.0,3.1,0.0,0.919,2540.0,2509.0,100.0
two_circle,perch_offense,red,패(적격추),False,True,health_zero,2.375,,0.0,2.4,0.953,-5224.0,2491.0,-100.0
two_circle,perch_defense,blue,패(적격추),False,True,health_zero,2.375,,0.0,2.4,0.953,-5224.0,2491.0,-100.0
two_circle,perch_defense,red,격추,True,False,health_zero,3.0833333333333335,0.0,3.1,0.0,0.919,2540.0,2509.0,100.0
two_circle,sudden_death,blue,패,False,True,timeout,300.0,17.2,2.1,3.2,0.272,-2673.0,126.0,-3.7
two_circle,sudden_death,red,격추,True,False,health_zero,153.85,17.2,3.8,3.9,1.04,5163.0,126.0,14.5
red_allround,headon,blue,격추,True,False,health_zero,222.34166666666667,19.0,4.4,3.2,0.434,-47.0,253.0,29.7
red_allround,headon,red,패,False,True,timeout,300.0,19.0,3.3,3.1,0.727,-828.0,253.0,-1.1
red_allround,perch_offense,blue,격추,True,False,health_zero,3.0833333333333335,0.0,3.1,0.0,0.919,2540.0,2509.0,100.0
red_allround,perch_offense,red,패(적격추),False,True,health_zero,2.25,,0.0,2.3,0.945,-5370.0,2509.0,-100.0
red_allround,perch_defense,blue,패(적격추),False,True,health_zero,2.25,,0.0,2.3,0.945,-5370.0,2509.0,-100.0
red_allround,perch_defense,red,격추,True,False,health_zero,3.0833333333333335,0.0,3.1,0.0,0.919,2540.0,2509.0,100.0
red_allround,sudden_death,blue,판정승,True,False,stall,68.78333333333333,17.2,1.9,2.8,1.124,-720.0,82.0,-12.6
red_allround,sudden_death,red,판정승,True,False,stall,68.75,17.2,2.0,2.9,1.125,-691.0,81.0,-12.7
red_energy,headon,blue,격추,True,False,health_zero,119.31666666666666,19.1,5.0,1.5,0.974,3282.0,205.0,55.4
red_energy,headon,red,격추,True,False,health_zero,120.11666666666666,19.1,5.6,1.5,0.977,3387.0,207.0,55.7
red_energy,perch_offense,blue,격추,True,False,health_zero,3.1,0.0,3.2,0.0,0.924,2655.0,2516.0,100.0
red_energy,perch_offense,red,패(적격추),False,True,health_zero,2.3916666666666666,,0.0,2.4,0.941,-5671.0,2466.0,-100.0
red_energy,perch_defense,blue,패(적격추),False,True,health_zero,2.3916666666666666,,0.0,2.4,0.941,-5671.0,2466.0,-100.0
red_energy,perch_defense,red,격추,True,False,health_zero,3.1,0.0,3.2,0.0,0.924,2655.0,2516.0,100.0
red_energy,sudden_death,blue,격추,True,False,health_zero,46.06666666666666,17.2,2.4,2.4,1.028,6019.0,87.0,21.8
red_energy,sudden_death,red,격추,True,False,health_zero,46.03333333333333,17.2,2.4,2.4,1.029,6072.0,87.0,21.7
red_pressure,headon,blue,격추,True,False,health_zero,33.725,19.0,3.0,2.3,1.099,-47.0,196.0,56.3
red_pressure,headon,red,격추,True,False,health_zero,33.71666666666667,19.0,3.0,2.3,1.1,-35.0,196.0,55.7
red_pressure,perch_offense,blue,격추,True,False,health_zero,3.1,0.0,3.2,0.0,0.924,2691.0,2511.0,100.0
red_pressure,perch_offense,red,패(적격추),False,True,health_zero,2.25,,0.0,2.3,0.945,-5370.0,2509.0,-100.0
red_pressure,perch_defense,blue,패(적격추),False,True,health_zero,2.25,,0.0,2.3,0.945,-5370.0,2509.0,-100.0
red_pressure,perch_defense,red,격추,True,False,health_zero,3.1,0.0,3.2,0.0,0.924,2691.0,2511.0,100.0
red_pressure,sudden_death,blue,격추,True,False,health_zero,37.61666666666667,17.2,2.7,2.7,1.061,-492.0,96.0,12.8
red_pressure,sudden_death,red,격추,True,False,health_zero,37.641666666666666,17.2,2.8,2.8,1.061,-493.0,96.0,12.1
selfplay,headon,blue,무,False,False,health_zero,34.59166666666667,19.0,2.2,2.2,0.719,-2.0,18.0,0.0
selfplay,perch_offense,blue,격추,True,False,health_zero,3.1,0.0,3.2,0.0,0.927,4720.0,2389.0,100.0
selfplay,perch_defense,blue,패(적격추),False,True,health_zero,3.1,,0.0,3.2,0.925,-4720.0,2389.0,-100.0
selfplay,sudden_death,blue,패,False,True,hard_deck,63.141666666666666,17.5,2.4,2.4,0.252,-36.0,15.0,-0.1
