fbw_override,alt_kft,kcas,trim_valid,C_nz,nz_open,nz_closed,C_p,C_p_pos,C_p_neg,roll_open_pos,roll_closed_pos,roll_open_neg,roll_closed_neg,roll_closed_pos_sp_max,nz_open_cut,nz_closed_cut
0,8,200,1,2.7571638017744866,2.735955502210171,2.7571638017744866,82.27161059825261,82.27161059825261,85.83818421306651,61.498868736853424,82.27161059825261,81.56306697884176,85.83818421306651,180.0,False,False
0,8,250,1,3.6117214383293925,3.5856027102658534,3.6117214383293925,101.80157924802157,101.80157924802157,104.18007179104193,84.64997464644753,101.80157924802157,104.18007179104193,100.83431281622119,180.0,False,False
0,8,300,1,4.5662124053823385,4.543940019810399,4.5662124053823385,119.36068633487632,122.62019947853484,119.36068633487632,117.499015438512,122.62019947853484,119.36068633487632,118.59734750064612,180.0,False,False
0,8,350,1,5.637954091133365,5.604458892877903,5.637954091133365,129.68519025226158,149.19427786197508,129.68519025226158,149.19427786197508,147.19932846564902,129.68519025226158,128.86389226070597,180.0,False,False
0,8,400,1,6.876025630025029,6.829191814346746,6.876025630025029,136.14090518403916,187.33967326146853,136.14090518403916,187.33967326146853,173.9329358219216,133.23641019131583,136.14090518403916,180.0,False,False
0,8,450,1,8.12842326204941,8.12842326204941,8.094084327164454,141.17021677952243,186.95206335860007,141.17021677952243,186.95206335860007,175.4837235716264,136.69281082416572,141.17021677952243,180.0,False,False
0,8,500,1,8.489036012031477,8.489036012031477,8.370981182643431,150.7378143839292,185.26491855160202,150.7378143839292,185.26491855160202,177.70509760203868,145.83138037107386,150.7378143839292,180.0,False,False
0,10,200,1,2.7238053146903525,2.6990715226933566,2.7238053146903525,84.64877228535154,84.64877228535154,86.83048956979627,62.44989268797129,84.64877228535154,82.03695711739921,86.83048956979627,180.0,False,False
0,10,250,1,3.590144145287394,3.5620008798999026,3.590144145287394,99.435022626599,99.435022626599,107.71003813123552,86.48548715666105,99.435022626599,107.71003813123552,105.18831725231809,180.0,False,False
0,10,300,1,4.557645965191813,4.5335566004709005,4.557645965191813,121.92699125346289,125.75442406304172,121.92699125346289,121.67994778687618,125.75442406304172,121.92699125346289,120.7764442781259,180.0,False,False
0,10,350,1,5.665917053254317,5.6346995092794945,5.665917053254317,129.79671330799528,153.7202409087166,129.79671330799528,153.7202409087166,151.40147860262874,128.77697505266056,129.79671330799528,180.0,False,False
0,10,400,1,6.920758815760376,6.878287912324222,6.920758815760376,136.85672032568598,187.40451989323753,136.85672032568598,187.40451989323753,174.42492527320633,132.9560682913268,136.85672032568598,180.0,False,False
0,10,450,1,8.146975966274065,8.146975966274065,8.074154467691569,142.19329673777264,186.25629483629083,142.19329673777264,186.25629483629083,176.1260887828828,137.1232899717366,142.19329673777264,180.0,False,False
0,10,500,1,8.115017332281557,8.115017332281557,8.04893192100839,153.25989847867032,184.48913441065505,153.25989847867032,184.48913441065505,178.5085019924292,147.97971016200233,153.25989847867032,180.0,False,False
0,12,200,1,2.6965331902180396,2.667509188525793,2.6965331902180396,87.02254272340072,87.02254272340072,87.99576136208893,63.48046805785224,87.02254272340072,82.67681424031521,87.99576136208893,180.0,False,False
0,12,250,1,3.5739671242679822,3.544116924779405,3.5739671242679822,108.81135980835826,108.81135980835826,109.18665429712472,88.50882521086896,108.81135980835826,109.18665429712472,106.6304687779374,180.0,False,False
0,12,300,1,4.549854487422669,4.5265032319147105,4.549854487422669,124.59988018854605,129.08393077324033,124.59988018854605,125.80640463611734,129.08393077324033,124.59988018854605,123.58317823331424,180.0,False,False
0,12,350,1,5.702095960256174,5.669390440673475,5.702095960256174,131.3780325650965,159.3648377858538,131.3780325650965,159.3648377858538,157.0760518111765,128.80606496418858,131.3780325650965,180.0,False,False
0,12,400,1,6.968271605676358,6.931332178495605,6.968271605676358,137.74079719781776,186.99341539732205,137.74079719781776,186.99341539732205,174.69268963539284,132.79010904267474,137.74079719781776,180.0,False,False
0,12,450,1,7.700777517937748,7.700777517937748,7.640899642009852,144.96920857298312,185.3589473158028,144.96920857298312,185.3589473158028,176.83033183211987,139.4063255384091,144.96920857298312,180.0,False,False
0,12,500,1,7.685989724759271,7.685989724759271,7.638788197230962,156.44054022840774,183.88551395862197,156.44054022840774,183.88551395862197,179.2598229852907,150.88077706694054,156.44054022840774,180.0,False,False
0,14,200,1,2.663571584672301,2.628940389936888,2.663571584672301,89.21632459329393,89.32493697802322,89.21632459329393,64.53045920235976,89.32493697802322,83.35286078883738,89.21632459329393,180.0,False,False
0,14,250,1,3.558290812839748,3.5271477624033274,3.558290812839748,111.3788792882472,112.18336364704452,111.3788792882472,90.8923937366915,112.18336364704452,111.3788792882472,109.52292002961131,180.0,False,False
0,14,300,1,4.5426824222989675,4.518931679775201,4.5426824222989675,127.0249039792219,133.34316911233176,127.0249039792219,129.81266236992118,133.34316911233176,127.0249039792219,126.39431852332483,180.0,False,False
0,14,350,1,5.735838806275706,5.704672043500718,5.735838806275706,133.03157964834088,166.4243170788423,133.03157964834088,166.4243170788423,164.53228446938076,129.42557229725458,133.03157964834088,180.0,False,False
0,14,400,1,7.013428051597216,6.984444804028498,7.013428051597216,139.03970361053337,186.33949189567053,139.03970361053337,186.33949189567053,175.20092088316113,133.06476452483292,139.03970361053337,180.0,False,False
0,14,450,1,7.272640231754059,7.272640231754059,7.240159826448403,148.11668640564827,184.46748027794348,148.11668640564827,184.46748027794348,177.56109172262128,142.08832227687688,148.11668640564827,180.0,False,False
0,14,500,1,7.202665399907421,7.202665399907421,7.170579002056155,160.20149691687323,183.90802792287997,160.20149691687323,183.90802792287997,179.92763029923583,154.68228896552546,160.20149691687323,180.0,False,False
0,16,200,1,2.6304192481352247,2.591317367361677,2.6304192481352247,90.49396870464004,91.6134897032436,90.49396870464004,65.63140294959109,91.6134897032436,84.06261080959904,90.49396870464004,180.0,False,False
0,16,250,1,3.543026859528692,3.510950106089791,3.543026859528692,113.5835418265508,115.75227164851643,113.5835418265508,94.96498293263065,115.75227164851643,113.5835418265508,112.39440322121698,180.0,False,False
0,16,300,1,4.558201222094007,4.531542388085373,4.558201222094007,125.09450452969642,138.09723417080855,125.09450452969642,133.4295186835983,138.09723417080855,125.09450452969642,124.88548129055376,180.0,False,False
0,16,350,1,5.7701126840878745,5.740355589721762,5.7701126840878745,134.93573960100485,173.4319113827137,134.93573960100485,173.4319113827137,172.0919333664111,130.19068520517052,134.93573960100485,180.0,False,False
0,16,400,1,7.043776296978726,7.036180770678861,7.043776296978726,140.66565646093443,185.55246257824024,140.66565646093443,185.55246257824024,175.82960341522164,133.6836556580293,140.66565646093443,180.0,False,False
0,16,450,1,6.894001987163437,6.894001987163437,6.87026515416703,151.73434403354872,183.72164282269154,151.73434403354872,183.72164282269154,178.37863893168466,145.35373482423506,151.73434403354872,180.0,False,False
0,16,500,1,6.75865412289647,6.75865412289647,6.736023592937723,164.33514453409794,184.6662202740598,164.33514453409794,184.6662202740598,180.38744689934123,159.23292559566713,164.33514453409794,180.0,False,False
0,18,200,1,2.5987636235405565,2.5551344624263495,2.5987636235405565,91.81989008501104,93.9170543604478,91.81989008501104,66.77798161810802,93.9170543604478,84.7952769799032,91.81989008501104,180.0,False,False
0,18,250,1,3.528234050302905,3.4952657875595867,3.528234050302905,115.79382204466201,119.40490183127602,115.79382204466201,100.17126134099955,119.40490183127602,115.79382204466201,115.24982980942958,180.0,False,False
0,18,300,1,4.577345174077416,4.551156576888676,4.577345174077416,127.03528945364451,143.47999109679833,127.03528945364451,137.52703393900262,143.47999109679833,124.628043468045,127.03528945364451,180.0,False,False
0,18,350,1,5.805429764001748,5.776193316134579,5.805429764001748,136.80429080032008,176.90868783612785,136.80429080032008,176.90868783612785,174.27875198904925,130.56514703095095,136.80429080032008,180.0,False,False
0,18,400,1,6.683842462626466,6.683842462626466,6.64814893574581,144.30318071953084,184.65183658532555,144.30318071953084,184.65183658532555,176.50892909931738,136.8282955570269,144.30318071953084,180.0,False,False
0,18,450,1,6.4535033476730055,6.4535033476730055,6.425497266010105,156.16051605787501,183.0226477989127,156.16051605787501,183.0226477989127,179.14741540585632,149.78598689463982,156.16051605787501,180.0,False,False
0,18,500,1,6.448461071122119,6.448461071122119,6.435337704270863,168.83169285566578,185.59376032187214,168.83169285566578,185.59376032187214,180.49727900851815,164.2308226270445,168.83169285566578,180.0,False,False
0,20,200,1,2.568620782718378,2.5206697207046824,2.568620782718378,93.19212483755706,96.2268323099723,93.19212483755706,67.96635473183022,96.2268323099723,85.54536282808628,93.19212483755706,180.0,False,False
0,20,250,1,3.5132968508053355,3.4798649050377595,3.5132968508053355,118.09006161174206,122.79029058174294,118.09006161174206,106.19208470246585,122.79029058174294,118.00336699951544,118.09006161174206,180.0,False,False
0,20,300,1,4.597981167070797,4.571478072031398,4.597981167070797,129.27650986353527,149.94597873146935,129.27650986353527,145.2771723720214,149.94597873146935,125.28679029751486,129.27650986353527,180.0,False,False
0,20,350,1,5.8357322479879405,5.8120010272982245,5.8357322479879405,139.3588085515145,182.8408463348485,139.3588085515145,182.8408463348485,174.61158714167755,131.64017686688726,139.3588085515145,180.0,False,False
0,20,400,1,6.211921510743907,6.211921510743907,6.183683305555952,148.5095895939881,183.5237386542017,148.5095895939881,183.5237386542017,177.2137898923736,140.89678880770097,148.5095895939881,180.0,False,False
0,20,450,1,5.989690276787732,5.989690276787732,5.971675576674512,160.9724668241261,183.02057847830395,160.9724668241261,183.02057847830395,179.8405354182324,155.0541645398018,160.9724668241261,180.0,False,False
0,20,500,1,6.4552365296478325,6.4552365296478325,6.430013134478274,174.14163961709738,186.53821441928832,174.14163961709738,186.53821441928832,180.57059031775185,169.89496712560535,174.14163961709738,180.0,False,False
0,22,200,1,2.5444941221934343,2.493435236124504,2.5444941221934343,94.71655683585152,98.63659279823985,94.71655683585152,69.28508805344,98.63659279823985,86.42378118352298,94.71655683585152,180.0,False,False
0,22,250,1,3.497962987793372,3.464213026676936,3.497962987793372,120.97782529699249,126.15847608282573,120.97782529699249,113.6310388358685,126.15847608282573,120.2796298407835,120.97782529699249,180.0,False,False
0,22,300,1,4.621834991838269,4.594888539470236,4.621834991838269,131.95595658623262,157.27216874039945,131.95595658623262,153.79506593733527,157.27216874039945,126.7675914164504,131.95595658623262,180.0,False,False
0,22,350,1,5.870870380153256,5.850189536459979,5.870870380153256,142.5086089310681,183.63072911916282,142.5086089310681,183.63072911916282,175.2169881439466,133.33472439590523,142.5086089310681,180.0,False,False
0,22,400,1,5.764306674229697,5.764306674229697,5.744019203817155,153.05633620116998,182.57545017896362,153.05633620116998,182.57545017896362,178.0244509019123,145.62704907356306,153.05633620116998,180.0,False,False
0,22,450,1,5.544707616961179,5.544707616961179,5.5319280147810685,165.8385577232004,184.09437772928845,165.8385577232004,184.09437772928845,180.2892980534309,160.49556140554836,165.8385577232004,180.0,False,False
0,22,500,1,6.466495954356522,6.466495954356522,6.429000873233701,179.8106496934489,187.52771317766383,179.8106496934489,187.52771317766383,180.61664092254514,176.03615586297303,179.8106496934489,180.0,False,False
0,24,200,1,2.5218982152097755,2.4712273159255753,2.5218982152097755,96.28108738612943,101.02641228612727,96.28108738612943,70.64219430623938,101.02641228612727,87.30719880650126,96.28108738612943,180.0,False,False
0,24,250,1,3.4862141588998226,3.449118020910812,3.4862141588998226,120.54303898263534,130.09381717809254,120.54303898263534,120.35210758114762,130.09381717809254,119.23764436198492,120.54303898263534,180.0,False,False
0,24,300,1,4.644059125619795,4.618340639733471,4.644059125619795,135.21210885724534,164.89814280063365,135.21210885724534,162.5606609692718,164.89814280063365,128.53699162898084,135.21210885724534,180.0,False,False
0,24,350,1,5.724903966905751,5.724903966905751,5.704051578154428,146.47559112055276,182.57883677941277,146.47559112055276,182.57883677941277,175.87151082044346,136.7663398930415,146.47559112055276,180.0,False,False
0,24,400,1,5.3287151132363135,5.3287151132363135,5.311103312739875,158.0199071280983,181.6321669745706,158.0199071280983,181.6321669745706,178.84428735387448,151.12243064262262,158.0199071280983,180.0,False,False
0,24,450,1,5.361036395400399,5.361036395400399,5.360391451188676,170.77810181454714,185.23883268953716,170.77810181454714,185.23883268953716,180.40473939445195,165.78787418563132,170.77810181454714,180.0,False,False
0,24,500,1,6.467866912126103,6.467866912126103,6.4241833810423365,181.34487916201863,188.61445452638213,181.34487916201863,188.61445452638213,180.6708421405081,181.34487916201863,180.72492888743494,180.0,False,False
1,8,200,1,5.03838608208458,5.03838608208458,3.4374644966171575,72.61522229207743,72.61522229207743,88.60462188901496,72.61522229207743,71.30392566679723,88.23955950702265,88.60462188901496,180.0,True,False
1,8,250,1,7.489930822005624,7.489930822005624,4.765423599919365,90.68970869289876,90.68970869289876,103.26013549564308,87.94146200668206,90.68970869289876,100.9624859898734,103.26013549564308,180.0,True,False
1,8,300,1,9.0,10.409664343229135,6.346688742502454,120.6623412478839,120.6623412478839,120.79013260758917,116.84980553560258,120.6623412478839,117.2520148267515,120.79013260758917,180.0,True,False
1,8,350,1,9.0,13.959082387393357,7.747643211063547,139.572397018344,147.14735628785272,139.572397018344,146.9575518258139,147.14735628785272,139.572397018344,129.8537347611339,180.0,True,False
1,8,400,1,9.0,18.09381471246876,8.187602605356894,138.5111209636918,184.80660290776638,138.5111209636918,184.80660290776638,173.98468036179688,138.5111209636918,136.18805875618264,180.0,True,False
1,8,450,1,9.0,22.38918640348423,8.428202926278047,141.498176313993,189.07009319126334,141.498176313993,189.07009319126334,175.51211694617334,138.81310345239103,141.498176313993,180.0,True,False
1,8,500,1,9.0,26.326357853957916,8.538222793008847,151.45849369315494,183.10421031953373,151.45849369315494,183.10421031953373,177.7739719788735,146.26514747875723,151.45849369315494,180.0,True,False
1,10,200,1,4.940658840060282,4.940658840060282,3.3612379908548204,73.93004825288156,73.93004825288156,90.30882700577537,73.93004825288156,73.37608250645627,90.30882700577537,89.98125132120266,180.0,True,False
1,10,250,1,7.4014893210251955,7.4014893210251955,4.693398717096588,92.5218267645635,92.5218267645635,106.14512350769823,83.77498998741595,92.5218267645635,101.35672169692891,106.14512350769823,180.0,True,False
1,10,300,1,9.0,10.387448722884631,6.270847410145657,124.98476687046876,124.98476687046876,126.56665876253338,121.62154251673716,124.98476687046876,126.56665876253338,122.7559915322977,180.0,True,False
1,10,350,1,9.0,13.813761754878382,7.699381205153132,134.802836324115,151.57796782052864,134.802836324115,147.87308231151775,151.57796782052864,134.802836324115,130.16914173947075,180.0,True,False
1,10,400,1,9.0,17.830355275663873,8.176694235407286,136.86263034233696,182.88464822600304,136.86263034233696,182.88464822600304,174.41865902233872,136.86263034233696,136.7140837902645,180.0,True,False
1,10,450,1,9.0,22.300092269720043,8.394440523709733,142.73359926074227,186.31714104033946,142.73359926074227,186.31714104033946,176.1517490193106,138.62709621275545,142.73359926074227,180.0,True,False
1,10,500,1,9.0,25.35315372716904,8.498956986695706,154.07819899227135,181.70695261104856,154.07819899227135,181.70695261104856,178.5636974469863,147.87259077380546,154.07819899227135,180.0,True,False
1,12,200,1,4.883935914426037,4.883935914426037,3.293980014833952,75.52583681979768,75.52583681979768,93.0695452903357,75.32899066020494,75.52583681979768,93.0695452903357,91.52323179174248,180.0,True,False
1,12,250,1,7.311359135835209,7.311359135835209,4.628103689458096,96.37629774903515,96.37629774903515,109.24618833799424,86.36261937260896,96.37629774903515,104.59065582449009,109.24618833799424,180.0,True,False
1,12,300,1,9.0,10.239338118694137,6.201672440055895,128.97586212582354,128.97586212582354,141.724996287403,126.16719216296423,128.97586212582354,141.724996287403,124.94161535770554,180.0,True,False
1,12,350,1,9.0,13.651849984210891,7.647077967281831,134.9539128456701,158.60081228392988,134.9539128456701,155.98687333241787,158.60081228392988,134.9539128456701,131.40359317540063,180.0,True,False
1,12,400,1,9.0,17.535118899356565,8.102998663948963,137.49245136097215,185.72730171771246,137.49245136097215,185.72730171771246,174.65232966834256,135.47228451538717,137.49245136097215,180.0,True,False
1,12,450,1,9.0,21.413954775055306,8.342422923178784,145.55654072396084,183.9027324821401,145.55654072396084,183.9027324821401,176.85289441871492,140.1841228302121,145.55654072396084,180.0,True,False
1,12,500,1,9.0,24.100255474550575,8.460276084046503,157.3002252242842,179.29999530348908,157.3002252242842,179.29999530348908,179.29727863108818,150.33075474103592,157.3002252242842,180.0,True,False
1,14,200,1,4.826199155023686,4.826199155023686,3.2284132953616522,77.69596534468813,77.69596534468813,95.92481589565197,76.6000390463077,77.69596534468813,95.92481589565197,93.12298623296168,180.0,True,False
1,14,250,1,7.216028875545163,7.216028875545163,4.564226311323946,100.86175537994602,100.86175537994602,112.18979913172322,89.33230294987443,100.86175537994602,108.52797046202119,112.18979913172322,180.0,True,False
1,14,300,1,9.0,10.079836755207127,6.127920704739648,133.794549641342,133.794549641342,156.22275006349346,130.3640957601355,133.794549641342,156.22275006349346,127.74774910453587,180.0,True,False
1,14,350,1,9.0,13.467801606154651,7.599332216195724,135.01535178472554,166.36838071589816,135.01535178472554,164.13617695069044,166.36838071589816,135.01535178472554,132.67684598231025,180.0,True,False
1,14,400,1,9.0,17.203233594911804,8.062050783141116,138.79587217647799,187.16458857418988,138.79587217647799,187.16458857418988,175.17534654749912,134.72281359095896,138.79587217647799,180.0,True,False
1,14,450,1,9.0,20.896318048872395,8.296214207754309,148.7139853715351,182.06868807642383,148.7139853715351,182.06868807642383,177.57740099202474,142.12296173566315,148.7139853715351,180.0,True,False
1,14,500,1,9.0,22.032615992851515,8.413243247920674,160.99665281917697,179.9551278433421,160.99665281917697,176.8580280472435,179.9551278433421,155.3276144846308,160.99665281917697,180.0,True,False
1,16,200,1,4.767740537391437,4.767740537391437,3.1638837809252713,79.95252653609877,79.95252653609877,98.80821293738164,77.81162081028943,79.95252653609877,98.80821293738164,94.78037073784517,180.0,True,False
1,16,250,1,7.115414476899347,7.115414476899347,4.501762012865164,106.67467679756959,106.67467679756959,119.48667536212199,94.04650232902968,106.67467679756959,119.48667536212199,115.00402701993471,180.0,True,False
1,16,300,1,9.0,9.928051995785024,6.056543686194636,139.12460603365736,139.12460603365736,143.1368538053291,134.5204443741292,139.12460603365736,143.1368538053291,125.84478408504874,180.0,True,False
1,16,350,1,9.0,13.260157876095384,7.543263869669549,134.43457071972853,173.62208156253865,134.43457071972853,172.60393104684104,173.62208156253865,134.43457071972853,134.1962426105191,180.0,True,False
1,16,400,1,9.0,17.162871606610064,8.014872176335494,140.55017266343344,185.91961763871583,140.55017266343344,185.91961763871583,175.80748018079584,134.42368101667253,140.55017266343344,180.0,True,False
1,16,450,1,9.0,20.00269202618422,8.247825636235783,152.27478265955912,179.6547405604323,152.27478265955912,179.6547405604323,178.3914689713812,144.7514483257381,152.27478265955912,180.0,True,False
1,16,500,1,9.0,18.611303072337204,8.354759388944036,164.91953192582577,180.39118654691643,164.91953192582577,175.55433087073686,180.39118654691643,161.88627334616015,164.91953192582577,180.0,True,False
1,18,200,1,4.70787010309698,4.70787010309698,3.0988844275120138,82.30002061549061,82.30002061549061,101.68237084567463,78.97546580295241,82.30002061549061,101.68237084567463,96.48657501572309,180.0,True,False
1,18,250,1,7.087163242829872,7.087163242829872,4.439612085075481,113.2795307580349,113.2795307580349,130.3881806103485,99.80575482617749,113.2795307580349,130.3881806103485,117.71379984205242,180.0,True,False
1,18,300,1,9.0,9.807410998726214,5.9894662768833795,131.10140917036088,145.09109896383148,131.10140917036088,141.85883130885827,145.09109896383148,131.10140917036088,127.11018203112305,180.0,True,False
1,18,350,1,9.0,13.247743430077977,7.479613447036804,135.63968726045147,181.02570503040522,135.63968726045147,181.02570503040522,174.3026022556702,132.82046143634943,135.63968726045147,180.0,True,False
1,18,400,1,9.0,16.563526453246084,7.951880523752365,144.10471421648404,183.3486759274511,144.10471421648404,183.3486759274511,176.49147119751774,136.51417164697773,144.10471421648404,180.0,True,False
1,18,450,1,9.0,18.995960165113765,8.194789024959388,156.55337512982007,179.157365418158,156.55337512982007,175.97690209530742,179.157365418158,149.47419416851434,156.55337512982007,180.0,True,False
1,18,500,1,9.0,17.527742804853187,8.287760282968751,169.33507773740044,180.49336285041977,169.33507773740044,179.7437271615155,180.49336285041977,167.031774537543,169.33507773740044,180.0,True,False
1,20,200,1,4.604631689184001,4.604631689184001,3.0375909718229583,84.7238894006602,84.7238894006602,104.5114711923239,80.0789856887529,84.7238894006602,104.5114711923239,98.23739292101732,180.0,True,False
1,20,250,1,6.976128736033403,6.976128736033403,4.377340521807775,120.08486629203834,120.08486629203834,139.60724420912473,106.6627468684659,120.08486629203834,139.60724420912473,120.34771239301395,180.0,True,False
1,20,300,1,9.0,9.810442701807773,5.917082925417432,131.18413083219139,152.2038168942798,131.18413083219139,149.88319636931155,152.2038168942798,131.18413083219139,128.83209060755541,180.0,True,False
1,20,350,1,9.0,12.998684591626569,7.410660296100278,137.87274059274907,185.14186151392707,137.87274059274907,185.14186151392707,174.58248078912536,132.1503880807768,137.87274059274907,180.0,True,False
1,20,400,1,9.0,16.091984513086008,7.8725134869392495,148.1454102375891,180.84795978226705,148.1454102375891,180.84795978226705,177.193819038451,139.5708898617556,148.1454102375891,180.0,True,False
1,20,450,1,9.0,17.167645068176935,8.127645000070137,161.1459524095124,179.84143388914882,161.1459524095124,173.76268929111177,179.84143388914882,156.83959837024116,161.1459524095124,180.0,True,False
1,20,500,1,9.0,15.599270692187842,8.229412953610655,174.92853932459977,182.43460676859678,174.92853932459977,182.43460676859678,180.56321126834746,172.22797513306432,174.92853932459977,180.0,True,False
1,22,200,1,4.5846345398496275,4.5846345398496275,2.9802808107277525,87.3218368297448,87.3218368297448,107.39916002659997,81.46464708175785,87.3218368297448,107.39916002659997,100.12722879176258,180.0,True,False
1,22,250,1,6.861069706210378,6.861069706210378,4.320001195494605,125.91508388153775,125.91508388153775,146.86365664204172,115.49346340667385,125.91508388153775,146.86365664204172,123.0154094646913,180.0,True,False
1,22,300,1,9.0,9.668749139237724,5.854729051562386,131.5506911877046,160.12398665443007,131.5506911877046,158.09653676800525,160.12398665443007,131.5506911877046,130.89382333386655,180.0,True,False
1,22,350,1,9.0,12.727515718881428,7.339184258789678,140.8173767560601,185.88459417340803,140.8173767560601,185.88459417340803,175.182633593322,132.1631082433765,140.8173767560601,180.0,True,False
1,22,400,1,9.0,15.555296025158174,7.817102603443701,152.51327596878565,178.0047861153935,152.51327596878565,177.28661051443322,178.0047861153935,143.8972885028731,152.51327596878565,180.0,True,False
1,22,450,1,9.0,14.546169921887635,8.04753396781642,165.7558488592258,180.28325706086798,165.7558488592258,173.22551970136496,180.28325706086798,163.24059957925763,165.7558488592258,180.0,True,False
1,22,500,1,9.0,15.680627135546255,8.207702545396188,180.43836585245296,184.37470213200598,180.43836585245296,184.37470213200598,180.59629881759167,177.98383476581998,180.43836585245296,180.0,False,False
1,24,200,1,4.520774067245797,4.520774067245797,2.923554242177591,89.96797769247844,89.96797769247844,110.19470148769152,82.79617405870435,89.96797769247844,110.19470148769152,102.05111036674587,180.0,True,False
1,24,250,1,6.819714731920322,6.819714731920322,4.259185013158012,130.71232105638134,130.71232105638134,141.43384333067576,123.36424954833737,130.71232105638134,141.43384333067576,122.03194801085209,180.0,True,False
1,24,300,1,9.0,9.51253387062425,5.786336569862983,133.44886264362952,168.1552982143523,133.44886264362952,166.61493119632433,168.1552982143523,131.2803481065316,133.44886264362952,180.0,True,False
1,24,350,1,9.0,12.57325969121675,7.26990114291599,144.7188361164118,182.46780807917236,144.7188361164118,182.46780807917236,175.8372585808301,134.07231997823285,144.7188361164118,180.0,True,False
1,24,400,1,9.0,14.708092157983168,7.7566407493163,157.3086964169781,178.8209556971364,157.3086964169781,173.486767089285,178.8209556971364,150.6519663257394,157.3086964169781,180.0,True,False
1,24,450,1,9.0,13.42599043609456,7.9672788407817805,170.72663680610898,180.39940738128078,170.72663680610898,179.6538815057239,180.39940738128078,168.13025956465412,170.72663680610898,180.0,True,False
1,24,500,1,9.0,15.940668463216875,8.16667735799286,181.94759121172936,186.16645251346748,181.94759121172936,186.16645251346748,180.61201868966728,181.94759121172936,180.74279891876654,180.0,False,False
