setting,family,n,blue_win,red_win,draw,blue_lost_hard_deck,red_lost_hard_deck,both_hard_deck,blue_lost_stall,red_lost_stall,both_stall,blue_lost_health_zero,red_lost_health_zero,both_health_zero,timeout,no_contact,other,blue_wez_censored_frac
BASE,baseline,160,60,75,25,30,33,0,0,0,0,30,6,0,36,25,0,0.4875
SHAM,sham,160,60,75,25,30,33,0,0,0,0,30,6,0,36,25,0,0.4875
V1_kq_0.5,ofat,160,66,72,22,34,31,0,0,0,0,25,16,0,32,22,0,0.4875
V1_kq_0.75,ofat,160,66,71,23,29,37,0,0,0,0,29,7,0,35,23,0,0.4875
V1_kq_1.5,ofat,160,63,78,19,31,33,0,0,0,0,31,11,0,35,19,0,0.49375
V1_kq_2,ofat,160,55,88,17,32,34,0,0,0,0,33,11,0,33,17,0,0.475
V2_filt_10,ofat,160,64,75,21,31,33,0,0,0,0,31,9,0,35,21,0,0.48125
V2_filt_15,ofat,160,62,76,22,31,33,0,0,0,0,29,13,0,32,22,0,0.49375
V2_filt_35,ofat,160,63,72,25,27,34,0,0,0,0,31,11,0,33,24,0,0.4875
V2_filt_50,ofat,160,64,75,21,27,34,0,0,0,0,29,11,0,38,21,0,0.475
V3_lam_0.5,ofat,160,64,74,22,29,38,0,0,0,0,21,15,0,35,22,0,0.5
V3_lam_4,ofat,160,65,72,23,30,33,0,0,0,0,24,20,0,30,23,0,0.45625
V3_lam_8,ofat,160,69,71,20,32,35,0,0,0,0,22,14,0,38,19,0,0.425
V3_lam_16,ofat,160,77,71,12,23,23,0,0,0,0,35,28,0,39,12,0,0.33125
V3_lam_25,ofat,160,97,58,5,18,25,0,0,0,0,32,36,0,44,5,0,0.26875
V4_sync_2t,ofat,160,69,72,19,29,35,0,0,0,0,28,12,0,37,19,0,0.46875
V4_sync_4t,ofat,160,61,79,20,32,33,0,1,0,0,31,13,0,30,20,0,0.46875
V4_sync_8t,ofat,160,64,78,18,33,32,0,0,0,0,27,10,0,40,18,0,0.46875
V4_async_1t,ofat,160,62,79,19,33,30,0,0,0,0,27,12,0,39,19,0,0.48125
V4_async_2t,ofat,160,58,79,23,39,32,0,0,0,0,26,15,0,25,23,0,0.48125
V5_noise_0.01,ofat,160,59,77,24,29,36,0,0,0,0,31,7,0,33,24,0,0.48125
V5_noise_0.03,ofat,160,65,73,22,29,33,0,0,0,0,26,11,0,39,22,0,0.48125
V5_noise_0.1,ofat,160,60,77,23,31,32,0,0,0,0,28,11,0,35,23,0,0.49375
V6_turb_light,ofat,160,57,81,22,38,29,0,0,0,0,24,12,0,35,22,0,0.48125
V6_turb_moderate,ofat,160,54,83,23,38,29,0,0,0,0,27,11,0,32,23,0,0.50625
V6_turb_severe,ofat,160,33,120,7,55,24,0,0,0,0,45,5,0,24,7,0,0.60625
X02,combined,160,64,76,20,29,30,0,0,0,0,31,15,0,35,20,0,0.4875
X03,combined,160,61,81,18,37,32,0,0,0,0,22,18,0,33,18,0,0.50625
X04,combined,160,39,99,22,47,16,0,0,0,0,29,13,0,33,22,0,0.51875
X05,combined,160,64,77,19,32,34,0,0,0,0,28,18,0,29,19,0,0.41875
X06,combined,160,55,84,21,35,28,0,0,0,0,28,15,0,33,21,0,0.45625
X07,combined,160,79,67,14,19,35,0,1,0,0,26,17,0,48,14,0,0.38125
X08,combined,160,65,75,20,27,33,0,0,0,0,31,16,0,33,20,0,0.43125
X09,combined,160,68,73,19,35,34,0,0,0,0,20,19,0,33,19,0,0.4875
X10,combined,160,50,91,19,39,27,0,0,0,0,28,13,0,34,19,0,0.4875
X11,combined,160,59,81,20,35,30,0,0,0,0,33,14,0,28,20,0,0.46875
X12,combined,160,64,78,18,32,36,0,0,0,0,23,13,0,38,18,0,0.49375
X13,combined,160,84,66,10,19,30,0,1,0,0,29,21,0,50,10,0,0.3125
X14,combined,160,84,61,15,19,35,0,0,0,0,26,23,0,42,15,0,0.3875
X15,combined,160,81,69,10,27,23,0,0,0,0,27,24,1,49,9,0,0.29375
X16,combined,160,76,69,15,30,36,0,0,0,0,25,16,0,38,15,0,0.4
