setting,family,variable,level,n,exceed_frac,d_vs_base,d_ci_lo,d_ci_hi,flag,flag_abs,nz_max_max,nz_min_min,alpha_max_p95,alpha_max_max,p_max_max,turn_rate_max_p95,kcas_min_min,cond
BASE,baseline,-,base,160,0.05,0.0,0.0,0.0,0,0,9.87859567387468,-3.4603600440894224,15.594453231214166,16.9707049517462,177.1251488752421,21.773573036916495,85.8560028504646,"{""timeout"": 36, ""health_zero"": 36, ""no_contact"": 25, ""hard_deck"": 63}"
SHAM,sham,-,1+1e-6,160,0.05,0.0,0.0,0.0,0,0,9.878598139275937,-3.459609193059694,15.619100295128463,16.970540505414498,177.12526351590702,21.77357776686052,85.85617543651048,"{""timeout"": 36, ""health_zero"": 36, ""no_contact"": 25, ""hard_deck"": 63}"
V1_kq_0.5,ofat,V1_kq,0.5,160,0.08125,0.03125,-0.0125,0.075,0,1,9.618493638803564,-3.257975075798228,15.516410836738702,16.898189763555187,177.42625884426002,22.337297979561058,116.60777721506794,"{""health_zero"": 41, ""timeout"": 32, ""no_contact"": 22, ""hard_deck"": 65}"
V1_kq_0.75,ofat,V1_kq,0.75,160,0.0625,0.0125,-0.025,0.05,0,1,10.127215560087341,-2.6435202575637025,15.459464764534527,16.709186557204863,176.72945290751917,22.012493504155906,129.854232711117,"{""health_zero"": 36, ""timeout"": 35, ""no_contact"": 23, ""hard_deck"": 66}"
V1_kq_1.5,ofat,V1_kq,1.5,160,0.01875,-0.03125,-0.0625,-0.00625,0,0,9.715053270930715,-2.9993280984929394,15.17032717170607,16.699651262879343,176.6593401754144,21.400874975264202,128.92428890424577,"{""health_zero"": 42, ""timeout"": 35, ""hard_deck"": 64, ""no_contact"": 19}"
V1_kq_2,ofat,V1_kq,2.0,160,0.025,-0.025,-0.0625,0.00625,0,0,9.51286615191877,-3.8722901240980043,15.24279015444257,16.69000181361062,174.30542484071256,21.483075219303135,128.67298342957497,"{""health_zero"": 44, ""timeout"": 33, ""no_contact"": 17, ""hard_deck"": 66}"
V2_filt_10,ofat,V2_filt,10.0,160,0.05625,0.00625,-0.03125,0.04375,0,1,10.485925119480852,-3.822079682331102,15.425790481829662,16.718531759936972,175.85853840681207,22.097605650783393,128.4622082092859,"{""timeout"": 35, ""health_zero"": 40, ""no_contact"": 21, ""hard_deck"": 64}"
V2_filt_15,ofat,V2_filt,15.0,160,0.05,0.0,-0.03125,0.03125,0,0,9.96627494565338,-3.724792140664552,15.479342956863496,16.709032480583044,176.25566907131454,21.732578640173564,128.27788632326119,"{""timeout"": 32, ""health_zero"": 42, ""no_contact"": 22, ""hard_deck"": 64}"
V2_filt_35,ofat,V2_filt,35.0,160,0.05,0.0,-0.025,0.025,0,0,9.877741561100406,-3.77099238016653,15.562564082090798,17.0259113665654,177.32210661729692,21.920942124631118,125.61494418262264,"{""timeout"": 33, ""health_zero"": 42, ""no_contact"": 24, ""hard_deck"": 61}"
V2_filt_50,ofat,V2_filt,50.0,160,0.05,0.0,-0.03125,0.03125,0,0,9.979973966611114,-3.8785991591114026,15.530368577689032,16.69778638360358,177.43956939825546,21.8976799701613,127.27227668427187,"{""timeout"": 38, ""health_zero"": 40, ""no_contact"": 21, ""hard_deck"": 61}"
V3_lam_0.5,ofat,V3_lam,0.5,160,0.0375,-0.0125,-0.05625,0.03125,0,0,9.39793565993597,-3.1244988041214703,15.456727768543285,16.698912242164223,176.4801202453778,22.087473612975057,115.80859583636328,"{""health_zero"": 36, ""timeout"": 35, ""no_contact"": 22, ""hard_deck"": 67}"
V3_lam_4,ofat,V3_lam,4.0,160,0.075,0.025,-0.01875,0.06875,0,1,10.31264058912056,-3.1524299494634156,15.602965143721562,16.71513408832693,176.91669193804216,21.974455823193882,98.94576823116734,"{""health_zero"": 44, ""timeout"": 30, ""no_contact"": 23, ""hard_deck"": 63}"
V3_lam_8,ofat,V3_lam,8.0,160,0.0875,0.0375,-0.0125,0.0875,0,1,10.011026587295685,-2.7017602160122802,15.942597996432198,16.814354510099562,179.58157203431315,22.554600908098735,100.93378254239423,"{""health_zero"": 36, ""timeout"": 38, ""no_contact"": 19, ""hard_deck"": 67}"
V3_lam_16,ofat,V3_lam,16.0,160,0.1,0.05,0.00625,0.1,1,1,9.914504733622248,-4.153609954627055,16.01049772784401,16.986202309853233,177.79567335244948,22.73039263523412,131.97127315303982,"{""health_zero"": 63, ""timeout"": 39, ""no_contact"": 12, ""hard_deck"": 46}"
V3_lam_25,ofat,V3_lam,25.0,160,0.15625,0.10625,0.05,0.1625,1,1,10.32561362243097,-3.802459095196752,16.179779024123064,17.220448032144496,178.23792915580827,23.5765299499806,123.64047193755486,"{""health_zero"": 68, ""timeout"": 44, ""hard_deck"": 43, ""no_contact"": 5}"
V4_sync_2t,ofat,V4_delay,2.0,160,0.04375,-0.00625,-0.0375,0.025,0,0,9.840196488817202,-2.6614501084110556,15.407674903426116,17.110771977125232,175.715546448845,21.742113338914194,128.24292399259969,"{""timeout"": 37, ""health_zero"": 40, ""no_contact"": 19, ""hard_deck"": 64}"
V4_sync_4t,ofat,V4_delay,4.0,160,0.05625,0.00625,-0.03125,0.04375,0,1,9.975865907361033,-2.6810125081267895,15.360376388916729,17.08308474345201,175.32466660920522,21.96251717058024,82.69793013599299,"{""timeout"": 30, ""health_zero"": 44, ""hard_deck"": 65, ""no_contact"": 20, ""stall"": 1}"
V4_sync_8t,ofat,V4_delay,8.0,160,0.04375,-0.00625,-0.04375,0.03125,0,0,9.422050872951678,-3.0331975563268108,15.49307430568322,16.747021753587195,177.664419143501,22.06879578036122,129.092006096869,"{""timeout"": 40, ""health_zero"": 37, ""hard_deck"": 65, ""no_contact"": 18}"
V4_async_1t,ofat,V4_delay_async,1.0,160,0.05,0.0,-0.03125,0.0375,0,0,9.930805261292281,-3.0843383982741237,15.4882419278407,16.70006715931907,177.11072425836457,21.568010180794722,130.029735020446,"{""timeout"": 39, ""health_zero"": 39, ""no_contact"": 19, ""hard_deck"": 63}"
V4_async_2t,ofat,V4_delay_async,2.0,160,0.04375,-0.00625,-0.04375,0.03125,0,0,10.24286076433303,-3.374972455354293,15.350011446110841,16.06524394025553,174.19935282177553,22.476390193210438,122.36610907276415,"{""health_zero"": 41, ""timeout"": 25, ""no_contact"": 23, ""hard_deck"": 71}"
V5_noise_0.01,ofat,V5_noise,0.01,160,0.05625,0.00625,-0.0125,0.025,0,1,9.97748791887231,-2.6628408824097987,15.480788987280736,16.702064621281735,176.656152351615,22.115348412230187,128.28278308086982,"{""timeout"": 33, ""health_zero"": 38, ""no_contact"": 24, ""hard_deck"": 65}"
V5_noise_0.03,ofat,V5_noise,0.03,160,0.0375,-0.0125,-0.0375,0.0125,0,0,9.925861205761027,-2.677545383747809,15.498778743722703,16.702368874305204,176.63832098449527,21.702263371452933,128.44078054284324,"{""timeout"": 39, ""health_zero"": 37, ""no_contact"": 22, ""hard_deck"": 62}"
V5_noise_0.1,ofat,V5_noise,0.1,160,0.0625,0.0125,-0.0125,0.0375,0,1,10.777154368326885,-2.6928192215792217,15.495964472111607,17.023424584167294,176.9067241428775,21.871852752343216,92.90717491395765,"{""timeout"": 35, ""health_zero"": 39, ""no_contact"": 23, ""hard_deck"": 63}"
V6_turb_light,ofat,V6_turb,light,160,0.08125,0.03125,-0.00625,0.075,0,1,9.539764219817926,-3.166424355611963,15.69803903712065,17.21817207610214,181.9648110656926,21.438814740746036,127.82348954029102,"{""timeout"": 35, ""health_zero"": 36, ""no_contact"": 22, ""hard_deck"": 67}"
V6_turb_moderate,ofat,V6_turb,moderate,160,0.0375,-0.0125,-0.05,0.025,0,0,9.438812951156034,-2.7850610348297393,16.201782556453495,18.30603968771393,180.2141143385983,22.499064352070665,106.11522683755126,"{""health_zero"": 38, ""timeout"": 32, ""no_contact"": 23, ""hard_deck"": 67}"
V6_turb_severe,ofat,V6_turb,severe,160,0.325,0.275,0.2,0.35,1,1,10.580654291051074,-3.511478429072075,18.72830308123973,20.47202295153583,185.96667557795183,23.192749461298156,134.25507646727266,"{""health_zero"": 50, ""timeout"": 24, ""hard_deck"": 79, ""no_contact"": 7}"
X02,combined,combined,A+B-C-D-E+F-,160,0.025,-0.025,-0.05625,0.00625,0,0,9.7794985509752,-2.7810902424024353,15.133765162073342,16.70053131097796,176.6867672770221,21.56142100957669,128.5420577788048,"{""timeout"": 35, ""health_zero"": 46, ""no_contact"": 20, ""hard_deck"": 59}"
X03,combined,combined,A-B+C-D-E+F+,160,0.06875,0.01875,-0.025,0.06875,0,1,10.378875737138022,-2.7995296362398348,16.228904677126753,18.294668638860287,181.85522971542233,22.404017959882985,105.90095833432898,"{""health_zero"": 40, ""timeout"": 33, ""no_contact"": 18, ""hard_deck"": 69}"
X04,combined,combined,A+B+C-D-E-F+,160,0.04375,-0.00625,-0.05,0.0375,0,0,9.514294388906777,-3.5564091924513166,16.234181831769646,16.979212442617115,178.75256910453808,21.971537316682443,104.69025651176601,"{""health_zero"": 42, ""timeout"": 33, ""no_contact"": 22, ""hard_deck"": 63}"
X05,combined,combined,A-B-C+D-E+F+,160,0.1,0.05,0.00625,0.1,1,1,10.14340532812469,-2.904062194303698,16.770350371110798,18.21853675234017,181.0160572898817,23.663087974568164,88.69237789832901,"{""health_zero"": 46, ""timeout"": 29, ""no_contact"": 19, ""hard_deck"": 66}"
X06,combined,combined,A+B-C+D-E-F+,160,0.1125,0.0625,0.0125,0.1125,1,1,11.05904585318873,-3.754075636398486,16.572673241058663,18.10889495237641,182.57501882004792,23.555709645249042,121.96916961108501,"{""health_zero"": 43, ""timeout"": 33, ""no_contact"": 21, ""hard_deck"": 63}"
X07,combined,combined,A-B+C+D-E-F-,160,0.0625,0.0125,-0.025,0.05,0,1,10.053668892750832,-2.8927036237619967,15.939231575621806,16.858492982678722,179.21837406991554,22.374675837166176,76.59549587141403,"{""health_zero"": 43, ""timeout"": 48, ""no_contact"": 14, ""hard_deck"": 54, ""stall"": 1}"
X08,combined,combined,A+B+C+D-E+F-,160,0.04375,-0.00625,-0.04375,0.03125,0,0,10.063859012829596,-3.24615870869014,15.77478954335321,17.214235338953216,176.41467148890007,21.7308562954874,97.02291628429,"{""health_zero"": 47, ""timeout"": 33, ""hard_deck"": 60, ""no_contact"": 20}"
X09,combined,combined,A-B-C-D+E-F+,160,0.075,0.025,-0.025,0.075,0,1,9.792937011448963,-4.119603693431403,16.287861884882744,18.19166221165527,185.5787871475669,21.755741571158303,123.09469557841713,"{""health_zero"": 39, ""timeout"": 33, ""no_contact"": 19, ""hard_deck"": 69}"
X10,combined,combined,A+B-C-D+E+F+,160,0.0625,0.0125,-0.03125,0.05625,0,1,9.731419657444395,-3.028206287841576,16.287174223253952,18.159479291298705,186.56311590534105,21.906683487293428,112.5028702889773,"{""health_zero"": 41, ""timeout"": 34, ""no_contact"": 19, ""hard_deck"": 66}"
X11,combined,combined,A-B+C-D+E+F-,160,0.04375,-0.00625,-0.03125,0.01875,0,0,9.533032096391805,-2.7049967223861766,15.627192689698699,17.108317229708245,176.03979458236591,22.053109794314796,103.13891691176394,"{""timeout"": 28, ""health_zero"": 47, ""no_contact"": 20, ""hard_deck"": 65}"
X12,combined,combined,A+B+C-D+E-F-,160,0.025,-0.025,-0.06875,0.01875,0,0,10.321263391658173,-2.6476637367189717,15.495958398244579,16.716815113825806,176.15599320995616,21.88378796547546,72.0706596944576,"{""timeout"": 38, ""health_zero"": 36, ""no_contact"": 18, ""hard_deck"": 68}"
X13,combined,combined,A-B-C+D+E+F-,160,0.05,0.0,-0.0375,0.0375,0,0,9.92285664983417,-3.401977051013136,15.651955636596535,17.1956449305888,179.07443706747344,22.510900524463185,86.653450572215,"{""health_zero"": 50, ""timeout"": 50, ""no_contact"": 10, ""hard_deck"": 49, ""stall"": 1}"
X14,combined,combined,A+B-C+D+E-F-,160,0.04375,-0.00625,-0.0375,0.025,0,0,9.977271313869878,-2.894070094205811,15.853927019842015,17.05001565329884,177.04701042586515,22.25903997359157,94.36902158787181,"{""health_zero"": 49, ""timeout"": 42, ""no_contact"": 15, ""hard_deck"": 54}"
X15,combined,combined,A-B+C+D+E-F+,160,0.1375,0.0875,0.03125,0.14375,1,1,10.677736811826653,-2.5891139779460968,16.673970368479974,18.27411460528054,188.90813065233067,23.783310627107724,157.72287885645372,"{""health_zero"": 52, ""timeout"": 49, ""no_contact"": 9, ""hard_deck"": 50}"
X16,combined,combined,A+B+C+D+E+F+,160,0.1,0.05,0.0,0.1,0,1,10.720503465913257,-2.9268781036296105,16.641867549381487,17.96541199342308,185.2170344339591,23.05444278282976,152.05481496412196,"{""health_zero"": 41, ""timeout"": 38, ""no_contact"": 15, ""hard_deck"": 66}"
