setting,family,variable,level,metric,n,mean,median,ci_lo,ci_hi,judge,judge_sens_lo,judge_sens_hi,judge_final
SHAM,sham,-,1+1e-6,hp_diff_d8,160,0.014973958333335025,0.0,-0.037109374999999716,0.0898437500000042,차이 없음,차이 없음,차이 없음,판정 불가(둔감 지표)
SHAM,sham,-,1+1e-6,net_wez,160,0.0013541666666666973,0.0,-0.001667968750000131,0.005208333333333381,차이 없음,차이 없음,차이 없음,차이 없음
SHAM,sham,-,1+1e-6,blue_pts,160,0.0,0.0,0.0,0.0,,,,
SHAM,sham,-,1+1e-6,frac_ata30_blue,160,4.478555891088872e-05,0.0,-2.441450664232495e-05,0.00012139464013188855,,,,
SHAM,sham,-,1+1e-6,frac_slant_band,160,3.352456533590835e-05,0.0,-9.014737692679514e-05,0.0001669550348888812,,,,
SHAM,sham,-,1+1e-6,frac_ata_band_blue,160,5.765445153494164e-05,0.0,-0.0003246701785675515,0.0005457123023061135,,,,
SHAM,sham,-,1+1e-6,frac_fight_speed_blue,160,-9.488097693450279e-05,0.0,-0.00031183950104811696,6.865721452700692e-05,,,,
SHAM,sham,-,1+1e-6,frac_corner_blue,160,-3.509598756144469e-05,0.0,-0.000277560125287305,0.000279033934057427,,,,
SHAM,sham,-,1+1e-6,kcas_mean_blue,160,0.0023641133042275444,-1.7876954814255441e-06,-0.013015198578405175,0.01882182665766626,,,,
SHAM,sham,-,1+1e-6,dalt_blue_ft,160,-15.723737655743026,6.355717778205872e-05,-46.60618684499757,3.4515895340370464,,,,
SHAM,sham,-,1+1e-6,t_first_wez_blue,160,0.001145833333333357,0.0,0.0,0.003437500000000071,,,,
SHAM,sham,-,1+1e-6,wez_censored_blue,160,0.0,0.0,0.0,0.0,,,,
SHAM,sham,-,1+1e-6,J_q,160,5.3413122292154076e-05,1.0485307178065284e-08,-1.499015732474498e-05,0.0001474764061834416,,,,
SHAM,sham,-,1+1e-6,J_p,160,0.00010094758909889138,1.5076640491606952e-09,-0.00012949574304745774,0.00045566277609227835,,,,
SHAM,sham,-,1+1e-6,corr_q,160,-7.790666204745547e-05,-1.79454858750816e-08,-0.00023449042546093242,2.6979503143036617e-05,,,,
SHAM,sham,-,1+1e-6,q_gain,160,-2.6091887604015594e-05,-5.96240889993993e-10,-0.00011241254355624053,2.7326975193407376e-05,,,,
SHAM,sham,-,1+1e-6,sat_ele,160,-0.0002995441092447463,0.0,-0.0009044277626593031,2.6779027754692024e-05,,,,
V1_kq_0.5,ofat,V1_kq,0.5,hp_diff_d8,160,-2.1184895833332806,0.0,-12.208512369791594,7.857682291666713,판정 불가,판정 불가,차이 없음,판정 불가
V1_kq_0.5,ofat,V1_kq,0.5,net_wez,160,0.0951562500000008,0.0,-0.07547395833333696,0.2562096354166729,판정 불가,판정 불가,차이 없음,판정 불가
V1_kq_0.5,ofat,V1_kq,0.5,blue_pts,160,0.1125,0.0,-0.13125,0.3375,,,,
V1_kq_0.5,ofat,V1_kq,0.5,frac_ata30_blue,160,0.013835355233357636,6.944444444444316e-05,-0.004666132561715445,0.033915234628255804,,,,
V1_kq_0.5,ofat,V1_kq,0.5,frac_slant_band,160,-0.0003448038448420242,-0.0016108740228913676,-0.00656459427793733,0.00603696036012101,,,,
V1_kq_0.5,ofat,V1_kq,0.5,frac_ata_band_blue,160,-0.0006464854371771815,-0.0034713526318158605,-0.008429666986018715,0.007205704522228929,,,,
V1_kq_0.5,ofat,V1_kq,0.5,frac_fight_speed_blue,160,-0.004681064757530268,-0.00017574661293118243,-0.016309667931228098,0.006397729442040912,,,,
V1_kq_0.5,ofat,V1_kq,0.5,frac_corner_blue,160,-0.004360428450432506,0.0,-0.018532919994017,0.00974813798874638,,,,
V1_kq_0.5,ofat,V1_kq,0.5,kcas_mean_blue,160,0.8554625650000954,0.1939653321273056,-1.355839434397844,3.1276718350676185,,,,
V1_kq_0.5,ofat,V1_kq,0.5,dalt_blue_ft,160,204.97291811071335,0.5729187000542879,-531.4689842760854,899.2460542830495,,,,
V1_kq_0.5,ofat,V1_kq,0.5,t_first_wez_blue,160,-4.66296875,0.0,-10.525281250000003,0.4381197916666658,,,,
V1_kq_0.5,ofat,V1_kq,0.5,wez_censored_blue,160,0.0,0.0,-0.0375,0.0375,,,,
V1_kq_0.5,ofat,V1_kq,0.5,J_q,160,0.008025179279473143,0.006556611267952553,0.00403410610908819,0.012257842421472983,,,,
V1_kq_0.5,ofat,V1_kq,0.5,J_p,160,0.0010221095006282856,0.0021628748111431895,-0.005693655912608476,0.007652077434134809,,,,
V1_kq_0.5,ofat,V1_kq,0.5,corr_q,160,-0.016329076713923935,-0.011818148662098349,-0.02623517992806398,-0.009028540888569477,,,,
V1_kq_0.5,ofat,V1_kq,0.5,q_gain,160,0.0038569947308290595,0.0022740976468844654,-0.0002348961957110695,0.008185816863407209,,,,
V1_kq_0.5,ofat,V1_kq,0.5,sat_ele,160,-0.013843638138118841,-0.013828702732037401,-0.02473609397582462,-0.003751958514877151,,,,
V1_kq_0.75,ofat,V1_kq,0.75,hp_diff_d8,160,3.667968750000047,0.0,-3.339876302083269,10.75665690104171,판정 불가,판정 불가,차이 없음,판정 불가
V1_kq_0.75,ofat,V1_kq,0.75,net_wez,160,-0.00703124999999936,0.0,-0.1252643229166675,0.10844010416666912,차이 없음,판정 불가,차이 없음,차이 없음
V1_kq_0.75,ofat,V1_kq,0.75,blue_pts,160,0.1125,0.0,-0.075,0.2817187499999932,,,,
V1_kq_0.75,ofat,V1_kq,0.75,frac_ata30_blue,160,0.007035466147989176,0.0,-0.005991058505694866,0.02163235961005741,,,,
V1_kq_0.75,ofat,V1_kq,0.75,frac_slant_band,160,-0.0032620779594230973,-0.000699533523551496,-0.008075894462932033,0.001146940031899519,,,,
V1_kq_0.75,ofat,V1_kq,0.75,frac_ata_band_blue,160,-0.0005477801686492809,-0.0008425407090281618,-0.006342356993743731,0.005099649833359419,,,,
V1_kq_0.75,ofat,V1_kq,0.75,frac_fight_speed_blue,160,-0.0010160981771296122,-6.278905753481778e-05,-0.012287280625643398,0.010006652750773004,,,,
V1_kq_0.75,ofat,V1_kq,0.75,frac_corner_blue,160,-0.0014033641484544404,0.0,-0.013306081175604806,0.011027941751093048,,,,
V1_kq_0.75,ofat,V1_kq,0.75,kcas_mean_blue,160,1.043151474411038,0.04672739952343363,-0.14541927850278474,2.427463000542032,,,,
V1_kq_0.75,ofat,V1_kq,0.75,dalt_blue_ft,160,-40.19338557336014,-0.42607669346034527,-593.7880728818144,508.8733864868478,,,,
V1_kq_0.75,ofat,V1_kq,0.75,t_first_wez_blue,160,-2.16671875,0.0,-7.537852864583334,2.2798802083333336,,,,
V1_kq_0.75,ofat,V1_kq,0.75,wez_censored_blue,160,0.0,0.0,-0.0375,0.0375,,,,
V1_kq_0.75,ofat,V1_kq,0.75,J_q,160,0.004563924561602631,0.0021047230706672526,0.001709391465525858,0.007624084723121956,,,,
V1_kq_0.75,ofat,V1_kq,0.75,J_p,160,-0.0030537372920379823,-0.0003469891495317956,-0.007149052376073103,0.0008556213159436844,,,,
V1_kq_0.75,ofat,V1_kq,0.75,corr_q,160,-0.005449643253672966,-0.004240249693351628,-0.009557731988878425,-0.0016612632736991183,,,,
V1_kq_0.75,ofat,V1_kq,0.75,q_gain,160,-0.0005115745430523296,0.0005011714437921921,-0.003313903597351848,0.002106850293301712,,,,
V1_kq_0.75,ofat,V1_kq,0.75,sat_ele,160,-0.0006127959395820969,-0.004313221560275193,-0.008726947043275883,0.007924839487949286,,,,
V1_kq_1.5,ofat,V1_kq,1.5,hp_diff_d8,160,-1.917968749999994,0.0,-7.621761067708297,3.647786458333268,차이 없음,판정 불가,차이 없음,판정 불가(둔감 지표)
V1_kq_1.5,ofat,V1_kq,1.5,net_wez,160,-0.1588541666666652,0.0,-0.31401953124999854,-0.010569010416664689,판정 불가,판정 불가,차이 없음,판정 불가
V1_kq_1.5,ofat,V1_kq,1.5,blue_pts,160,0.05625,0.0,-0.13125,0.2625,,,,
V1_kq_1.5,ofat,V1_kq,1.5,frac_ata30_blue,160,0.006416399575378812,0.0,-0.00883827636634201,0.022257594694325273,,,,
V1_kq_1.5,ofat,V1_kq,1.5,frac_slant_band,160,0.0020265716713509544,0.00017458353695481987,-0.002607099358255418,0.006947730094746779,,,,
V1_kq_1.5,ofat,V1_kq,1.5,frac_ata_band_blue,160,-0.004477355226165844,-0.00010992841387455835,-0.009851367980725074,0.0007653774739449495,,,,
V1_kq_1.5,ofat,V1_kq,1.5,frac_fight_speed_blue,160,-0.012376184276530158,-0.0009368059433290665,-0.025105995216314087,0.0002339034029248116,,,,
V1_kq_1.5,ofat,V1_kq,1.5,frac_corner_blue,160,-0.008133353177281144,0.0,-0.022803990277713408,0.007415036812794985,,,,
V1_kq_1.5,ofat,V1_kq,1.5,kcas_mean_blue,160,0.010593658750374147,-0.010974287596326349,-1.5693359792325223,1.7754920363285303,,,,
V1_kq_1.5,ofat,V1_kq,1.5,dalt_blue_ft,160,260.1822823937517,-0.3722806666046381,-381.2890549117239,913.26843263296,,,,
V1_kq_1.5,ofat,V1_kq,1.5,t_first_wez_blue,160,-1.2854687499999993,0.0,-5.549216145833333,2.4265624999999997,,,,
V1_kq_1.5,ofat,V1_kq,1.5,wez_censored_blue,160,0.00625,0.0,-0.03125,0.04375,,,,
V1_kq_1.5,ofat,V1_kq,1.5,J_q,160,0.014241274137871383,0.0011051838251312368,0.006702478358668186,0.024131191274967854,,,,
V1_kq_1.5,ofat,V1_kq,1.5,J_p,160,-0.001173470417195566,-0.00036458339565542675,-0.00703916169887173,0.004532567193368905,,,,
V1_kq_1.5,ofat,V1_kq,1.5,corr_q,160,-0.021104645279918822,-0.006559560684841592,-0.03063890083701097,-0.012898057530198813,,,,
V1_kq_1.5,ofat,V1_kq,1.5,q_gain,160,0.002529471899182908,-0.0013451086010985436,-0.00401410671077785,0.011633218672476145,,,,
V1_kq_1.5,ofat,V1_kq,1.5,sat_ele,160,0.016815375730500005,0.0072798577465564285,0.0070319448549355495,0.026684198260717946,,,,
V1_kq_2,ofat,V1_kq,2.0,hp_diff_d8,160,-3.372395833333271,0.0,-11.779313151041599,5.354557291666685,판정 불가,판정 불가,차이 없음,판정 불가
V1_kq_2,ofat,V1_kq,2.0,net_wez,160,-0.29765625000000007,-0.016666666666666732,-0.4798502604166661,-0.11921874999999897,판정 불가,차이 있음,차이 없음,판정 불가
V1_kq_2,ofat,V1_kq,2.0,blue_pts,160,-0.09375,0.0,-0.31875,0.1125,,,,
V1_kq_2,ofat,V1_kq,2.0,frac_ata30_blue,160,0.006055659966322929,0.0,-0.016490858158267948,0.028150044407149695,,,,
V1_kq_2,ofat,V1_kq,2.0,frac_slant_band,160,-0.001018662922764225,0.00015172948348388116,-0.007371447411213362,0.005551098786601519,,,,
V1_kq_2,ofat,V1_kq,2.0,frac_ata_band_blue,160,-0.005923148200200084,0.0,-0.014941555070553334,0.002842565689097624,,,,
V1_kq_2,ofat,V1_kq,2.0,frac_fight_speed_blue,160,-0.010509399670797018,-0.0024006479068414688,-0.023837092500946233,0.002565863922086501,,,,
V1_kq_2,ofat,V1_kq,2.0,frac_corner_blue,160,-0.00018309392526980988,0.0,-0.015254826468098297,0.01532698249050912,,,,
V1_kq_2,ofat,V1_kq,2.0,kcas_mean_blue,160,1.2436481804690682,0.25690706811650443,-0.8304110748109133,3.4142447142183743,,,,
V1_kq_2,ofat,V1_kq,2.0,dalt_blue_ft,160,-30.6828948749695,0.9826088882982731,-807.1128402990033,734.1411716563063,,,,
V1_kq_2,ofat,V1_kq,2.0,t_first_wez_blue,160,-5.6,0.00416666666666643,-12.336890625,0.13464062499999818,,,,
V1_kq_2,ofat,V1_kq,2.0,wez_censored_blue,160,-0.0125,0.0,-0.05625,0.03125,,,,
V1_kq_2,ofat,V1_kq,2.0,J_q,160,0.06300852051460282,0.019054147749492892,0.044957305894560554,0.08391800356557316,,,,
V1_kq_2,ofat,V1_kq,2.0,J_p,160,0.00312422636302585,-0.00030562082186519346,-0.005149521815738457,0.011424136405578317,,,,
V1_kq_2,ofat,V1_kq,2.0,corr_q,160,-0.10817465177919275,-0.0952703349396512,-0.12607596510796643,-0.09124079469963134,,,,
V1_kq_2,ofat,V1_kq,2.0,q_gain,160,0.01580724389710236,-0.002021452986328942,0.002737933190846999,0.03159684714773857,,,,
V1_kq_2,ofat,V1_kq,2.0,sat_ele,160,0.0540299525121601,0.02583415854925747,0.038900347592038774,0.07048628011371247,,,,
V2_filt_10,ofat,V2_filt,10.0,hp_diff_d8,160,0.042968750000041564,0.0,-5.0912272135416075,5.5027994791666535,차이 없음,판정 불가,차이 없음,판정 불가(둔감 지표)
V2_filt_10,ofat,V2_filt,10.0,net_wez,160,0.023125000000000485,0.0,-0.08448307291666589,0.1284947916666689,차이 없음,판정 불가,차이 없음,차이 없음
V2_filt_10,ofat,V2_filt,10.0,blue_pts,160,0.075,0.0,-0.05625,0.20625,,,,
V2_filt_10,ofat,V2_filt,10.0,frac_ata30_blue,160,0.019169183013031423,0.0,0.005424142315718058,0.034884570329450144,,,,
V2_filt_10,ofat,V2_filt,10.0,frac_slant_band,160,-0.0005413666609039724,-0.0006952495547502269,-0.003808448891788016,0.00278140873656554,,,,
V2_filt_10,ofat,V2_filt,10.0,frac_ata_band_blue,160,-0.004097187903253312,-5.6387828411226526e-05,-0.008644198440641097,0.00020157671011224987,,,,
V2_filt_10,ofat,V2_filt,10.0,frac_fight_speed_blue,160,-0.006898737254886385,-0.00012316393443825846,-0.015922261731597845,0.0009117294519547595,,,,
V2_filt_10,ofat,V2_filt,10.0,frac_corner_blue,160,-0.005449626652526443,0.0,-0.01626640772098338,0.004440009939849659,,,,
V2_filt_10,ofat,V2_filt,10.0,kcas_mean_blue,160,1.2448874064941815,0.010373333153552267,-0.2166691381399763,3.0560084037184176,,,,
V2_filt_10,ofat,V2_filt,10.0,dalt_blue_ft,160,381.43761294079013,0.06099854037165642,-21.389637478916537,792.1836939257895,,,,
V2_filt_10,ofat,V2_filt,10.0,t_first_wez_blue,160,-0.7383333333333335,0.0,-4.000515625000001,2.9206119791666656,,,,
V2_filt_10,ofat,V2_filt,10.0,wez_censored_blue,160,-0.00625,0.0,-0.0375,0.025,,,,
V2_filt_10,ofat,V2_filt,10.0,J_q,160,0.001673654303583707,0.0003684315522162751,-0.0007748230103698598,0.004368585021420648,,,,
V2_filt_10,ofat,V2_filt,10.0,J_p,160,0.00410950567119484,0.004329795282886573,-0.00027684537516279575,0.008342949338775598,,,,
V2_filt_10,ofat,V2_filt,10.0,corr_q,160,0.0025961728656527785,0.00015386679409883867,0.00013015923501554424,0.005190274572383556,,,,
V2_filt_10,ofat,V2_filt,10.0,q_gain,160,0.00019759048181550095,0.00011120431466771219,-0.0018276060678320471,0.0020801044192782043,,,,
V2_filt_10,ofat,V2_filt,10.0,sat_ele,160,-0.008952452441546344,-0.002837252490240999,-0.015354871641530756,-0.003089383279589412,,,,
V2_filt_15,ofat,V2_filt,15.0,hp_diff_d8,160,-0.458984374999981,0.0,-4.761100260416564,3.916715494791659,차이 없음,판정 불가,차이 없음,판정 불가(둔감 지표)
V2_filt_15,ofat,V2_filt,15.0,net_wez,160,-0.046510416666666346,0.0,-0.13187760416666755,0.0331276041666689,차이 없음,판정 불가,차이 없음,차이 없음
V2_filt_15,ofat,V2_filt,15.0,blue_pts,160,0.0375,0.0,-0.09375,0.16875,,,,
V2_filt_15,ofat,V2_filt,15.0,frac_ata30_blue,160,0.00703195829803963,0.0,3.1021308476926627e-05,0.016334271152740235,,,,
V2_filt_15,ofat,V2_filt,15.0,frac_slant_band,160,-0.0011027692324278387,-0.0002981429165978891,-0.004165514840442093,0.002213887570447045,,,,
V2_filt_15,ofat,V2_filt,15.0,frac_ata_band_blue,160,-0.0033570593371775917,-2.506026249481097e-06,-0.007502011203077092,0.0003438923994523684,,,,
V2_filt_15,ofat,V2_filt,15.0,frac_fight_speed_blue,160,-0.005578226844437402,-0.00012002906782071499,-0.013945091366058699,0.001462071527215847,,,,
V2_filt_15,ofat,V2_filt,15.0,frac_corner_blue,160,-0.0058218471318913795,0.0,-0.015481920159576015,0.0024696789068426243,,,,
V2_filt_15,ofat,V2_filt,15.0,kcas_mean_blue,160,0.18917399311631228,0.002224208959887619,-0.5282750910437392,0.9054525251122453,,,,
V2_filt_15,ofat,V2_filt,15.0,dalt_blue_ft,160,129.8360139116412,0.49467975087463856,-316.2966908656573,565.4181596317209,,,,
V2_filt_15,ofat,V2_filt,15.0,t_first_wez_blue,160,-0.3570833333333333,0.0,-3.262989583333334,2.5665260416666658,,,,
V2_filt_15,ofat,V2_filt,15.0,wez_censored_blue,160,0.00625,0.0,-0.0125,0.03125,,,,
V2_filt_15,ofat,V2_filt,15.0,J_q,160,0.0004610292498513139,0.00032378849025777034,-0.0012656333087585011,0.0023503770280749155,,,,
V2_filt_15,ofat,V2_filt,15.0,J_p,160,0.00363645662687012,0.0021103336320303367,-9.521746771780452e-05,0.007671908668849012,,,,
V2_filt_15,ofat,V2_filt,15.0,corr_q,160,0.0016097054876189273,0.00011452660127420078,-0.0009869529614595944,0.004302894402911807,,,,
V2_filt_15,ofat,V2_filt,15.0,q_gain,160,0.00021363480058808962,-1.9491010769090433e-05,-0.0014820082842510597,0.001904821452521382,,,,
V2_filt_15,ofat,V2_filt,15.0,sat_ele,160,-0.0038599166655359425,-0.0013362220021118643,-0.00944165843083718,0.0012899438822545262,,,,
V2_filt_35,ofat,V2_filt,35.0,hp_diff_d8,160,0.34309895833332205,0.0,-3.017057291666706,3.981803385416638,차이 없음,차이 없음,차이 없음,판정 불가(둔감 지표)
V2_filt_35,ofat,V2_filt,35.0,net_wez,160,-0.09859375000000051,0.0,-0.20942838541666747,-0.004947916666666772,차이 없음,판정 불가,차이 없음,차이 없음
V2_filt_35,ofat,V2_filt,35.0,blue_pts,160,0.0625,0.0,-0.075,0.20625,,,,
V2_filt_35,ofat,V2_filt,35.0,frac_ata30_blue,160,0.002709340146872704,0.0,-0.007084296164947254,0.012222511325954297,,,,
V2_filt_35,ofat,V2_filt,35.0,frac_slant_band,160,-0.0001232863504525102,8.946361485247245e-05,-0.0033191380829693876,0.0026774785077480043,,,,
V2_filt_35,ofat,V2_filt,35.0,frac_ata_band_blue,160,-0.002468228773855801,0.0,-0.006280469964984084,0.0010327610930552821,,,,
V2_filt_35,ofat,V2_filt,35.0,frac_fight_speed_blue,160,-0.002632304892927654,0.00019874506486181748,-0.010860982068361058,0.004986249177654174,,,,
V2_filt_35,ofat,V2_filt,35.0,frac_corner_blue,160,-0.0027640281967439007,0.0,-0.011413632267388547,0.004742266352870362,,,,
V2_filt_35,ofat,V2_filt,35.0,kcas_mean_blue,160,0.16655253254628305,-0.008073084829220534,-0.6899222406731931,1.0407959994528615,,,,
V2_filt_35,ofat,V2_filt,35.0,dalt_blue_ft,160,-23.27820064111147,0.048403000459074974,-429.15332755529613,364.1949468354327,,,,
V2_filt_35,ofat,V2_filt,35.0,t_first_wez_blue,160,0.4083854166666671,0.0,-2.157670572916666,3.2266197916666672,,,,
V2_filt_35,ofat,V2_filt,35.0,wez_censored_blue,160,0.0,0.0,-0.03125,0.03125,,,,
V2_filt_35,ofat,V2_filt,35.0,J_q,160,0.0005943292598336169,-3.5052539239327496e-05,-0.0014329704193405918,0.002320473631810721,,,,
V2_filt_35,ofat,V2_filt,35.0,J_p,160,-0.003833598560864994,-0.0007721609133537477,-0.007073961209429757,-0.000840420741949484,,,,
V2_filt_35,ofat,V2_filt,35.0,corr_q,160,-0.0001121657440113234,9.691134899875165e-05,-0.0026982985594208716,0.0023223739239500753,,,,
V2_filt_35,ofat,V2_filt,35.0,q_gain,160,-0.000696946381347563,-7.921505665353656e-05,-0.002243402710416224,0.0008933644226310824,,,,
V2_filt_35,ofat,V2_filt,35.0,sat_ele,160,0.0037268877859019953,0.0005083499869597136,-0.0015513994554784843,0.009293578943276674,,,,
V2_filt_50,ofat,V2_filt,50.0,hp_diff_d8,160,2.156250000000004,0.0,-1.1049316406249845,6.001350911458322,차이 없음,판정 불가,차이 없음,판정 불가(둔감 지표)
V2_filt_50,ofat,V2_filt,50.0,net_wez,160,-0.05968750000000047,0.0,-0.18729687500000214,0.05474088541666675,차이 없음,판정 불가,차이 없음,차이 없음
V2_filt_50,ofat,V2_filt,50.0,blue_pts,160,0.075,0.0,-0.0375,0.1875,,,,
V2_filt_50,ofat,V2_filt,50.0,frac_ata30_blue,160,0.00043050387471071526,0.0,-0.011489817979791844,0.012243192430558594,,,,
V2_filt_50,ofat,V2_filt,50.0,frac_slant_band,160,0.003021583302374542,0.00015863132257513957,-0.0011857862432273338,0.009033196911029235,,,,
V2_filt_50,ofat,V2_filt,50.0,frac_ata_band_blue,160,-0.001588846957690179,0.0,-0.006121009117279188,0.0026151986218279073,,,,
V2_filt_50,ofat,V2_filt,50.0,frac_fight_speed_blue,160,0.0028396796259784994,0.00028106367442859437,-0.005529550861160863,0.0108369873322076,,,,
V2_filt_50,ofat,V2_filt,50.0,frac_corner_blue,160,0.002561080812183641,0.0,-0.00806548018247996,0.013170276674998347,,,,
V2_filt_50,ofat,V2_filt,50.0,kcas_mean_blue,160,0.2712981383750783,-0.0016389784892112402,-1.1338496844696528,1.7447373118637162,,,,
V2_filt_50,ofat,V2_filt,50.0,dalt_blue_ft,160,-54.28151914966293,0.27793425135314465,-487.0668135115842,395.3234642910908,,,,
V2_filt_50,ofat,V2_filt,50.0,t_first_wez_blue,160,0.23421875000000067,0.0,-1.8767981770833324,2.5814791666666683,,,,
V2_filt_50,ofat,V2_filt,50.0,wez_censored_blue,160,-0.0125,0.0,-0.04375,0.01875,,,,
V2_filt_50,ofat,V2_filt,50.0,J_q,160,-0.0004248847607647201,-0.00013626365617996905,-0.0025526905576889443,0.0016233889813224893,,,,
V2_filt_50,ofat,V2_filt,50.0,J_p,160,-0.0017338630153240584,-0.001388986763264266,-0.005573730484230156,0.0022564628893825614,,,,
V2_filt_50,ofat,V2_filt,50.0,corr_q,160,0.002063082274061105,9.054396265356646e-05,-0.00031654493259134024,0.004533417374410433,,,,
V2_filt_50,ofat,V2_filt,50.0,q_gain,160,-0.0003763956431981623,-0.00012364479982035492,-0.0025297047783605507,0.0015218884516525906,,,,
V2_filt_50,ofat,V2_filt,50.0,sat_ele,160,0.0026694889566201427,0.0010374274455489385,-0.003082581257700893,0.008775611940461647,,,,
V3_lam_0.5,ofat,V3_lam,0.5,hp_diff_d8,160,3.5559895833332886,0.0,-3.760563151041685,11.279394531249915,판정 불가,판정 불가,차이 없음,판정 불가
V3_lam_0.5,ofat,V3_lam,0.5,net_wez,160,-0.18953125000000076,0.0,-0.3381822916666694,-0.04447526041666545,판정 불가,판정 불가,차이 없음,판정 불가
V3_lam_0.5,ofat,V3_lam,0.5,blue_pts,160,0.075,0.0,-0.13125,0.28125,,,,
V3_lam_0.5,ofat,V3_lam,0.5,frac_ata30_blue,160,-0.0022483979919302927,0.0,-0.0243881666786085,0.020270032040505905,,,,
V3_lam_0.5,ofat,V3_lam,0.5,frac_slant_band,160,0.002613580581838581,9.824421752960277e-05,-0.003127986479205359,0.00873461992878714,,,,
V3_lam_0.5,ofat,V3_lam,0.5,frac_ata_band_blue,160,-0.00675264563553644,0.0,-0.015084280629155308,0.0011634228746690662,,,,
V3_lam_0.5,ofat,V3_lam,0.5,frac_fight_speed_blue,160,-0.010394362373440819,-0.0008226566112683187,-0.026340916504242456,0.0048576605121732905,,,,
V3_lam_0.5,ofat,V3_lam,0.5,frac_corner_blue,160,-0.005236433910949171,0.0,-0.02295384959373358,0.012123725276615824,,,,
V3_lam_0.5,ofat,V3_lam,0.5,kcas_mean_blue,160,-0.2994149631205019,-0.028660103187860386,-2.7784204403749215,1.9844242362358757,,,,
V3_lam_0.5,ofat,V3_lam,0.5,dalt_blue_ft,160,36.102116300119086,0.5959838330745697,-668.7076447487681,725.6269071599223,,,,
V3_lam_0.5,ofat,V3_lam,0.5,t_first_wez_blue,160,0.8563541666666671,0.0,-2.466110677083333,4.160475260416667,,,,
V3_lam_0.5,ofat,V3_lam,0.5,wez_censored_blue,160,0.0125,0.0,-0.025,0.05,,,,
V3_lam_0.5,ofat,V3_lam,0.5,J_q,160,0.005187997238666867,5.5212251718742e-05,0.00020240869399632195,0.010513571948184555,,,,
V3_lam_0.5,ofat,V3_lam,0.5,J_p,160,0.005287592050143258,-5.0770306747049965e-06,-0.0005426013440671001,0.01141406614745824,,,,
V3_lam_0.5,ofat,V3_lam,0.5,corr_q,160,-0.00367834721027721,0.0005820919449933681,-0.00934645880099504,0.0015935519938818368,,,,
V3_lam_0.5,ofat,V3_lam,0.5,q_gain,160,0.0021418344997293443,-0.002352157219063844,-0.0026978378981017703,0.007756563638985421,,,,
V3_lam_0.5,ofat,V3_lam,0.5,sat_ele,160,0.011861023751804416,0.004749819319370685,0.0021230764782343725,0.022046902398895535,,,,
V3_lam_4,ofat,V3_lam,4.0,hp_diff_d8,160,4.211588541666666,0.0,-7.837288411458361,16.239713541666774,판정 불가,판정 불가,차이 없음,판정 불가
V3_lam_4,ofat,V3_lam,4.0,net_wez,160,0.10765625000000115,0.0,-0.052343750000001105,0.2719388020833366,판정 불가,판정 불가,차이 없음,판정 불가
V3_lam_4,ofat,V3_lam,4.0,blue_pts,160,0.09375,0.0,-0.1875,0.35625,,,,
V3_lam_4,ofat,V3_lam,4.0,frac_ata30_blue,160,0.018325389724910584,0.001209383061871707,-0.0015195381850652313,0.03973061797000337,,,,
V3_lam_4,ofat,V3_lam,4.0,frac_slant_band,160,0.0032037383256157985,-0.0002258789062968558,-0.009494923886143857,0.016155218504589924,,,,
V3_lam_4,ofat,V3_lam,4.0,frac_ata_band_blue,160,0.0052207903392359825,0.0,-0.005702436224776772,0.0164684435800268,,,,
V3_lam_4,ofat,V3_lam,4.0,frac_fight_speed_blue,160,0.002183689406793688,0.0005384464212965234,-0.012834609986404847,0.017038206163014703,,,,
V3_lam_4,ofat,V3_lam,4.0,frac_corner_blue,160,0.0032325038291005047,0.0,-0.01496581503453008,0.022369443693730583,,,,
V3_lam_4,ofat,V3_lam,4.0,kcas_mean_blue,160,2.027997048298877,0.29301040459856154,-0.33933565677753125,4.572302400634709,,,,
V3_lam_4,ofat,V3_lam,4.0,dalt_blue_ft,160,-26.336181650217622,-1.5545132420957088,-854.9119440491497,787.8047463565476,,,,
V3_lam_4,ofat,V3_lam,4.0,t_first_wez_blue,160,-1.0730208333333329,0.0,-7.429557291666668,4.8571875,,,,
V3_lam_4,ofat,V3_lam,4.0,wez_censored_blue,160,-0.03125,0.0,-0.08125,0.01875,,,,
V3_lam_4,ofat,V3_lam,4.0,J_q,160,0.015750736087196578,0.009668164080266425,0.010118125688795616,0.02173021027271198,,,,
V3_lam_4,ofat,V3_lam,4.0,J_p,160,0.0007418981715474175,0.0034136202461083065,-0.0070311671978361846,0.008324657670418754,,,,
V3_lam_4,ofat,V3_lam,4.0,corr_q,160,-0.03674316666326018,-0.028765099532012506,-0.049202353472441535,-0.026543788492941242,,,,
V3_lam_4,ofat,V3_lam,4.0,q_gain,160,0.010939445064376266,0.008424057384953554,0.0034490134292493647,0.018759348461516234,,,,
V3_lam_4,ofat,V3_lam,4.0,sat_ele,160,0.0023271913730586818,-0.006531502253091154,-0.01259618763791029,0.017056069440066195,,,,
V3_lam_8,ofat,V3_lam,8.0,hp_diff_d8,160,4.613932291666654,0.0,-7.373958333333261,15.90126953124993,판정 불가,판정 불가,차이 없음,판정 불가
V3_lam_8,ofat,V3_lam,8.0,net_wez,160,0.3390625000000079,0.0,0.12333203125000172,0.5567252604166824,판정 불가,차이 있음,판정 불가,판정 불가
V3_lam_8,ofat,V3_lam,8.0,blue_pts,160,0.175,0.0,-0.1125,0.45625,,,,
V3_lam_8,ofat,V3_lam,8.0,frac_ata30_blue,160,0.0242544804896574,0.009460750971843328,0.002825223596950401,0.04572896267725575,,,,
V3_lam_8,ofat,V3_lam,8.0,frac_slant_band,160,0.007156423502112735,-0.0007869209753149781,-0.006917206176995817,0.022537869339463674,,,,
V3_lam_8,ofat,V3_lam,8.0,frac_ata_band_blue,160,0.006815710264624929,-0.0027133922183257605,-0.011348534315881079,0.025950317585495757,,,,
V3_lam_8,ofat,V3_lam,8.0,frac_fight_speed_blue,160,0.007164804696148422,0.007672080949243737,-0.012417746262536992,0.026048365030686946,,,,
V3_lam_8,ofat,V3_lam,8.0,frac_corner_blue,160,-0.0009902704057074495,0.0,-0.02076022270444724,0.018847959546701022,,,,
V3_lam_8,ofat,V3_lam,8.0,kcas_mean_blue,160,0.6657647400792935,0.3972601580406092,-1.7481793292629144,3.0663475764474444,,,,
V3_lam_8,ofat,V3_lam,8.0,dalt_blue_ft,160,137.13308859607204,0.10443195328116417,-817.5609956059249,1040.4333404628437,,,,
V3_lam_8,ofat,V3_lam,8.0,t_first_wez_blue,160,-9.774375,-0.00416666666666643,-20.57739453125,0.008572916666658057,,,,
V3_lam_8,ofat,V3_lam,8.0,wez_censored_blue,160,-0.0625,0.0,-0.11875,-0.00625,,,,
V3_lam_8,ofat,V3_lam,8.0,J_q,160,0.04205940797715879,0.025611063027383474,0.03312490060781112,0.051509019261729766,,,,
V3_lam_8,ofat,V3_lam,8.0,J_p,160,0.004577195417682064,0.009385705746438155,-0.005818965494063284,0.014618188012260535,,,,
V3_lam_8,ofat,V3_lam,8.0,corr_q,160,-0.07912821351742091,-0.06663168966590888,-0.09315559016714535,-0.06598405142488874,,,,
V3_lam_8,ofat,V3_lam,8.0,q_gain,160,0.02368397465247471,0.017842318822444525,0.010625343511745594,0.037206307624473446,,,,
V3_lam_8,ofat,V3_lam,8.0,sat_ele,160,0.006664289437486789,-0.019230438561122498,-0.014175791476929938,0.02895308179254313,,,,
V3_lam_16,ofat,V3_lam,16.0,hp_diff_d8,160,12.05664062500004,0.0,-1.609830729166564,25.94568684895835,판정 불가,판정 불가,판정 불가,판정 불가
V3_lam_16,ofat,V3_lam,16.0,net_wez,160,0.9159375000000152,0.0,0.5525898437500072,1.2957994791666836,차이 있음,차이 있음,차이 있음,차이 있음
V3_lam_16,ofat,V3_lam,16.0,blue_pts,160,0.31875,0.0,0.0,0.6375,,,,
V3_lam_16,ofat,V3_lam,16.0,frac_ata30_blue,160,0.07806416672768499,0.043375000000000004,0.056448085932099726,0.10100475458788172,,,,
V3_lam_16,ofat,V3_lam,16.0,frac_slant_band,160,-0.005648388109744554,-0.0029036681762348443,-0.022464812748790808,0.011615831474246285,,,,
V3_lam_16,ofat,V3_lam,16.0,frac_ata_band_blue,160,-0.01449041584826719,-0.00972222222222223,-0.03307736067281159,0.005547519171159802,,,,
V3_lam_16,ofat,V3_lam,16.0,frac_fight_speed_blue,160,0.003580034509014865,0.006640338618980501,-0.019057457547393807,0.026292217631477766,,,,
V3_lam_16,ofat,V3_lam,16.0,frac_corner_blue,160,-0.016650200542329945,0.0,-0.041765789082658863,0.008912176960019356,,,,
V3_lam_16,ofat,V3_lam,16.0,kcas_mean_blue,160,1.584206406160024,0.9170981120093131,-1.8041653706684808,5.113858385783,,,,
V3_lam_16,ofat,V3_lam,16.0,dalt_blue_ft,160,681.7996252011042,137.64139484986663,-223.958489679686,1567.7414892705406,,,,
V3_lam_16,ofat,V3_lam,16.0,t_first_wez_blue,160,-25.45078125,-0.04583333333333428,-39.661035156249994,-11.864858072916668,,,,
V3_lam_16,ofat,V3_lam,16.0,wez_censored_blue,160,-0.15625,0.0,-0.225,-0.0875,,,,
V3_lam_16,ofat,V3_lam,16.0,J_q,160,0.11005064041189125,0.06841055006960485,0.09168662360192557,0.13033166206623192,,,,
V3_lam_16,ofat,V3_lam,16.0,J_p,160,0.0034937016644109448,0.009435699168705514,-0.01024664426775961,0.016680066383530312,,,,
V3_lam_16,ofat,V3_lam,16.0,corr_q,160,-0.17266403476819026,-0.1500451589885486,-0.19339282555785217,-0.1516045267235511,,,,
V3_lam_16,ofat,V3_lam,16.0,q_gain,160,0.05063638124492285,0.031625169521400986,0.0238160443151084,0.07978186622623841,,,,
V3_lam_16,ofat,V3_lam,16.0,sat_ele,160,-0.003343332539721183,-0.032885512181368454,-0.029700854101738804,0.024561465642737795,,,,
V3_lam_25,ofat,V3_lam,25.0,hp_diff_d8,160,18.686197916666583,0.7812499999994742,6.590266927083173,30.66801757812493,판정 불가,차이 있음,판정 불가,판정 불가
V3_lam_25,ofat,V3_lam,25.0,net_wez,160,0.7573958333333443,0.0,0.3958307291666739,1.121725260416683,차이 있음,차이 있음,판정 불가,차이 있음
V3_lam_25,ofat,V3_lam,25.0,blue_pts,160,0.69375,0.0,0.4125,0.975,,,,
V3_lam_25,ofat,V3_lam,25.0,frac_ata30_blue,160,0.08294336901179555,0.06400881081939662,0.05108220205830548,0.11562404515794417,,,,
V3_lam_25,ofat,V3_lam,25.0,frac_slant_band,160,-0.015166383171037866,-0.0033463524968018257,-0.03631802392752419,0.0059878566614992735,,,,
V3_lam_25,ofat,V3_lam,25.0,frac_ata_band_blue,160,-0.0376884910947667,-0.021638002171626147,-0.05482621403171577,-0.02143977682482771,,,,
V3_lam_25,ofat,V3_lam,25.0,frac_fight_speed_blue,160,-0.008084045339211917,0.004757126324292399,-0.03398500078087872,0.017789596362490653,,,,
V3_lam_25,ofat,V3_lam,25.0,frac_corner_blue,160,-0.04897403972303819,-0.02568315163930518,-0.07772819389584826,-0.020158697202882988,,,,
V3_lam_25,ofat,V3_lam,25.0,kcas_mean_blue,160,-0.001233223111744408,-1.5143057458541591,-4.273835591578853,4.351813508777276,,,,
V3_lam_25,ofat,V3_lam,25.0,dalt_blue_ft,160,1590.7880699296015,1628.6956632435322,374.9983453672065,2823.6996790908174,,,,
V3_lam_25,ofat,V3_lam,25.0,t_first_wez_blue,160,-42.80552083333334,-6.145833333333332,-59.053046875,-27.637832031250007,,,,
V3_lam_25,ofat,V3_lam,25.0,wez_censored_blue,160,-0.21875,0.0,-0.29375,-0.14375,,,,
V3_lam_25,ofat,V3_lam,25.0,J_q,160,0.1781516805539465,0.10544205589140483,0.14139670361500445,0.22002736907555726,,,,
V3_lam_25,ofat,V3_lam,25.0,J_p,160,-0.010726218192193864,0.0010268217532941604,-0.02557024067690445,0.004111482213593562,,,,
V3_lam_25,ofat,V3_lam,25.0,corr_q,160,-0.27856048545566237,-0.2691357651509,-0.3053131188916579,-0.2524349521856079,,,,
V3_lam_25,ofat,V3_lam,25.0,q_gain,160,0.07400890476760065,0.034238657082701796,0.02460981129564853,0.12957752104155704,,,,
V3_lam_25,ofat,V3_lam,25.0,sat_ele,160,0.0032640163920412816,-0.011916915076877976,-0.025388409263256376,0.03244013224099968,,,,
V4_sync_2t,ofat,V4_delay,2.0,hp_diff_d8,160,2.6998697916667,0.0,-2.65571289062494,8.457763671875005,차이 없음,판정 불가,차이 없음,판정 불가(둔감 지표)
V4_sync_2t,ofat,V4_delay,2.0,net_wez,160,-0.0035416666666650666,0.0,-0.11531380208333222,0.10442838541666902,차이 없음,판정 불가,차이 없음,차이 없음
V4_sync_2t,ofat,V4_delay,2.0,blue_pts,160,0.16875,0.0,0.01875,0.31875,,,,
V4_sync_2t,ofat,V4_delay,2.0,frac_ata30_blue,160,0.010937779115241414,0.0,-0.0032132006852263516,0.026238462112098834,,,,
V4_sync_2t,ofat,V4_delay,2.0,frac_slant_band,160,-0.0017473011318370364,-0.0009060979594436164,-0.0050117745433823834,0.0013764064326488312,,,,
V4_sync_2t,ofat,V4_delay,2.0,frac_ata_band_blue,160,-0.0017202958252656186,0.0,-0.006811008868537187,0.0033636515871636567,,,,
V4_sync_2t,ofat,V4_delay,2.0,frac_fight_speed_blue,160,-0.0073022370209874,-0.0001525707383002589,-0.017428683400390648,0.0020354432120298577,,,,
V4_sync_2t,ofat,V4_delay,2.0,frac_corner_blue,160,-0.009328916238600434,0.0,-0.020470576932217367,0.0011456400606758535,,,,
V4_sync_2t,ofat,V4_delay,2.0,kcas_mean_blue,160,0.10558104449292358,0.008332990825181241,-0.8740556863419365,1.1506510544094437,,,,
V4_sync_2t,ofat,V4_delay,2.0,dalt_blue_ft,160,274.3205409988994,-0.0064835622906684875,-179.23145697058584,711.9404138941213,,,,
V4_sync_2t,ofat,V4_delay,2.0,t_first_wez_blue,160,-2.9135937499999995,0.0,-7.402841145833331,0.25839322916666746,,,,
V4_sync_2t,ofat,V4_delay,2.0,wez_censored_blue,160,-0.01875,0.0,-0.05,0.0125,,,,
V4_sync_2t,ofat,V4_delay,2.0,J_q,160,0.0009080373800499332,0.00043781750903457844,-0.0021078461203548958,0.0037608906734190603,,,,
V4_sync_2t,ofat,V4_delay,2.0,J_p,160,0.00468268369734504,0.005623493046669981,0.00024219090307052066,0.00883720267707482,,,,
V4_sync_2t,ofat,V4_delay,2.0,corr_q,160,0.0011378320461755988,-2.0814763736443087e-05,-0.0016047427686160134,0.00399272786616433,,,,
V4_sync_2t,ofat,V4_delay,2.0,q_gain,160,0.0007320316656305788,0.00031558806633397163,-0.001473262782721108,0.0029514783291154085,,,,
V4_sync_2t,ofat,V4_delay,2.0,sat_ele,160,-0.006720916471903038,-0.004040243859823919,-0.01336287616401465,-0.0006341248051041751,,,,
V4_sync_4t,ofat,V4_delay,4.0,hp_diff_d8,160,0.2617187500000365,0.0,-5.931656901041637,6.557373046875023,차이 없음,판정 불가,차이 없음,판정 불가(둔감 지표)
V4_sync_4t,ofat,V4_delay,4.0,net_wez,160,0.0029166666666674335,0.0,-0.1058346354166675,0.11364713541666828,차이 없음,판정 불가,차이 없음,차이 없음
V4_sync_4t,ofat,V4_delay,4.0,blue_pts,160,0.01875,0.0,-0.15,0.1875,,,,
V4_sync_4t,ofat,V4_delay,4.0,frac_ata30_blue,160,0.01619828427758254,0.0,0.0011367400146037663,0.032351158371896484,,,,
V4_sync_4t,ofat,V4_delay,4.0,frac_slant_band,160,-0.0016942696153629717,-0.001305555555555546,-0.006436229102682152,0.0034607989546467776,,,,
V4_sync_4t,ofat,V4_delay,4.0,frac_ata_band_blue,160,-0.004837222779091222,-0.0005454952861009728,-0.010097409386551761,0.0005716383643977556,,,,
V4_sync_4t,ofat,V4_delay,4.0,frac_fight_speed_blue,160,-0.010628112030335138,-0.00027567483422663575,-0.020807601029512467,-0.0014422415990219264,,,,
V4_sync_4t,ofat,V4_delay,4.0,frac_corner_blue,160,-0.006800900738398977,6.820393776257871e-05,-0.01886903962188643,0.004585794550879244,,,,
V4_sync_4t,ofat,V4_delay,4.0,kcas_mean_blue,160,0.4477827777558435,0.04701905835790399,-1.7299325432515542,2.281803566824713,,,,
V4_sync_4t,ofat,V4_delay,4.0,dalt_blue_ft,160,-48.89194256577175,0.7361713163554668,-654.8781597029773,525.6782794160296,,,,
V4_sync_4t,ofat,V4_delay,4.0,t_first_wez_blue,160,-4.207395833333335,0.0,-8.997569010416665,-0.5069049479166678,,,,
V4_sync_4t,ofat,V4_delay,4.0,wez_censored_blue,160,-0.01875,0.0,-0.05625,0.01875,,,,
V4_sync_4t,ofat,V4_delay,4.0,J_q,160,0.0023904946903770615,0.0016453933208816496,-0.0014079799717214255,0.005971266910038801,,,,
V4_sync_4t,ofat,V4_delay,4.0,J_p,160,0.010939957344969437,0.010348477579391613,0.006656164667161229,0.015135979026372998,,,,
V4_sync_4t,ofat,V4_delay,4.0,corr_q,160,0.0010516339802446658,-0.001574553796753253,-0.0029910377241931796,0.005106940733411519,,,,
V4_sync_4t,ofat,V4_delay,4.0,q_gain,160,0.0008644009002790991,0.0005578055205112675,-0.0021145995372500595,0.004149550726852742,,,,
V4_sync_4t,ofat,V4_delay,4.0,sat_ele,160,-0.012700703859691015,-0.008958407440343874,-0.021038031260567493,-0.004554652477400191,,,,
V4_sync_8t,ofat,V4_delay,8.0,hp_diff_d8,160,-3.806640625000008,0.0,-13.459000651041618,5.434358723958301,판정 불가,판정 불가,차이 없음,판정 불가
V4_sync_8t,ofat,V4_delay,8.0,net_wez,160,-0.004635416666666048,0.0,-0.14088932291666886,0.13156380208333734,차이 없음,판정 불가,차이 없음,차이 없음
V4_sync_8t,ofat,V4_delay,8.0,blue_pts,160,0.075,0.0,-0.15,0.28125,,,,
V4_sync_8t,ofat,V4_delay,8.0,frac_ata30_blue,160,0.0064332081380321345,0.0,-0.009636204553939315,0.023385202132042582,,,,
V4_sync_8t,ofat,V4_delay,8.0,frac_slant_band,160,0.00011095442278852337,-0.001868510375953994,-0.005685031454318773,0.006279795941253862,,,,
V4_sync_8t,ofat,V4_delay,8.0,frac_ata_band_blue,160,-0.0026263375466614855,-0.00023098760219577436,-0.0090333729169054,0.003626086131023126,,,,
V4_sync_8t,ofat,V4_delay,8.0,frac_fight_speed_blue,160,-0.001643263849348809,0.0003161579621331345,-0.013189707022791352,0.009341479604497719,,,,
V4_sync_8t,ofat,V4_delay,8.0,frac_corner_blue,160,0.0025364304473380235,0.0,-0.011609424103542373,0.01655333158144336,,,,
V4_sync_8t,ofat,V4_delay,8.0,kcas_mean_blue,160,1.0814824510385197,0.07354574908933387,-0.7617537008541334,3.1221723140482323,,,,
V4_sync_8t,ofat,V4_delay,8.0,dalt_blue_ft,160,-84.04225987747778,0.24543165229260921,-718.9721018686948,563.8340489641407,,,,
V4_sync_8t,ofat,V4_delay,8.0,t_first_wez_blue,160,-3.5837499999999993,0.0,-9.086110677083333,1.321343749999996,,,,
V4_sync_8t,ofat,V4_delay,8.0,wez_censored_blue,160,-0.01875,0.0,-0.0625,0.01875,,,,
V4_sync_8t,ofat,V4_delay,8.0,J_q,160,0.003585757285365309,0.0034618590858735976,0.00027247253320748424,0.006863909691285947,,,,
V4_sync_8t,ofat,V4_delay,8.0,J_p,160,0.017314564861565334,0.01947506237170682,0.012122210176192161,0.022307381754376694,,,,
V4_sync_8t,ofat,V4_delay,8.0,corr_q,160,-0.0017451022122795666,-0.0011798576066079924,-0.007379524277004983,0.0032437535983853563,,,,
V4_sync_8t,ofat,V4_delay,8.0,q_gain,160,0.0011162321306714164,0.0006856971690286651,-0.0014576518256056137,0.0038209328278569084,,,,
V4_sync_8t,ofat,V4_delay,8.0,sat_ele,160,-0.014502735870831968,-0.015445747789592873,-0.024439863346551065,-0.005351500854406067,,,,
V4_async_1t,ofat,V4_delay_async,1.0,hp_diff_d8,160,-3.6712239583333988,0.0,-8.004687500000099,0.37960611979156134,차이 없음,판정 불가,차이 없음,판정 불가(둔감 지표)
V4_async_1t,ofat,V4_delay_async,1.0,net_wez,160,-0.14630208333333453,0.0,-0.2619791666666678,-0.045102864583333305,판정 불가,판정 불가,차이 없음,판정 불가
V4_async_1t,ofat,V4_delay_async,1.0,blue_pts,160,0.0375,0.0,-0.1125,0.1875,,,,
V4_async_1t,ofat,V4_delay_async,1.0,frac_ata30_blue,160,0.004026906477850647,0.0,-0.014737347517776531,0.022988918710482316,,,,
V4_async_1t,ofat,V4_delay_async,1.0,frac_slant_band,160,0.0028190327113537866,-4.181301829300765e-05,-0.0008892031350299898,0.006484506189665512,,,,
V4_async_1t,ofat,V4_delay_async,1.0,frac_ata_band_blue,160,-0.0026274977253684722,0.0,-0.008862594891596645,0.0034543061476844652,,,,
V4_async_1t,ofat,V4_delay_async,1.0,frac_fight_speed_blue,160,-0.011502474996539468,-0.000443483024761146,-0.021678204014064905,-0.0019740488949321023,,,,
V4_async_1t,ofat,V4_delay_async,1.0,frac_corner_blue,160,-0.00419987063751953,0.0,-0.014667987581764698,0.005853364857382535,,,,
V4_async_1t,ofat,V4_delay_async,1.0,kcas_mean_blue,160,0.9030106633110094,0.003965944663121945,-0.5560861034390295,2.379626339200172,,,,
V4_async_1t,ofat,V4_delay_async,1.0,dalt_blue_ft,160,-535.0433863604209,-0.07369143143296242,-1178.7082659427565,66.28405959750809,,,,
V4_async_1t,ofat,V4_delay_async,1.0,t_first_wez_blue,160,-1.356770833333333,0.0,-4.2544296875,1.1433333333333322,,,,
V4_async_1t,ofat,V4_delay_async,1.0,wez_censored_blue,160,-0.00625,0.0,-0.03125,0.01875,,,,
V4_async_1t,ofat,V4_delay_async,1.0,J_q,160,0.010664089897067424,0.0005392935428955303,0.005184235189712502,0.016869382790243748,,,,
V4_async_1t,ofat,V4_delay_async,1.0,J_p,160,-0.003453555518394892,-0.004631484463880897,-0.009034131723778583,0.002161614243748531,,,,
V4_async_1t,ofat,V4_delay_async,1.0,corr_q,160,-0.018107404443447772,-0.0026129839860034587,-0.025825747278871273,-0.011414162491891845,,,,
V4_async_1t,ofat,V4_delay_async,1.0,q_gain,160,-0.00029063428511232406,-0.00024609939398567704,-0.003296925818090386,0.0029260916549773163,,,,
V4_async_1t,ofat,V4_delay_async,1.0,sat_ele,160,0.006532267297780931,0.0008465736816061775,-0.00022037566950329173,0.013722201077466202,,,,
V4_async_2t,ofat,V4_delay_async,2.0,hp_diff_d8,160,-3.86197916666666,0.0,-15.250748697916682,7.67516276041662,판정 불가,판정 불가,차이 없음,판정 불가
V4_async_2t,ofat,V4_delay_async,2.0,net_wez,160,-0.1744270833333322,0.0,-0.3595351562499987,0.006563802083333532,판정 불가,판정 불가,차이 없음,판정 불가
V4_async_2t,ofat,V4_delay_async,2.0,blue_pts,160,-0.0375,0.0,-0.31875,0.24375,,,,
V4_async_2t,ofat,V4_delay_async,2.0,frac_ata30_blue,160,0.012794641205608928,0.0,-0.009456699759488372,0.03404394342339827,,,,
V4_async_2t,ofat,V4_delay_async,2.0,frac_slant_band,160,-0.022603844663701765,-0.0044660475361263385,-0.034025205917131714,-0.012008946057193734,,,,
V4_async_2t,ofat,V4_delay_async,2.0,frac_ata_band_blue,160,-0.01414198063752547,-0.004120793229567814,-0.025414472516691423,-0.0032650278841590097,,,,
V4_async_2t,ofat,V4_delay_async,2.0,frac_fight_speed_blue,160,-0.01687112326613044,-0.0011270598925783581,-0.036587580600173565,0.0019914920841330027,,,,
V4_async_2t,ofat,V4_delay_async,2.0,frac_corner_blue,160,-0.014338959272001356,0.0,-0.0378135688770058,0.008431242136495395,,,,
V4_async_2t,ofat,V4_delay_async,2.0,kcas_mean_blue,160,3.007617022751861,0.7405816513031596,-0.17016489677951244,6.26140236542843,,,,
V4_async_2t,ofat,V4_delay_async,2.0,dalt_blue_ft,160,-220.79626446431502,-0.7419942114502192,-1102.2339880118298,690.6694215921864,,,,
V4_async_2t,ofat,V4_delay_async,2.0,t_first_wez_blue,160,-7.292031249999998,0.125,-18.75256640625,3.7040117187500012,,,,
V4_async_2t,ofat,V4_delay_async,2.0,wez_censored_blue,160,-0.00625,0.0,-0.05625,0.04375,,,,
V4_async_2t,ofat,V4_delay_async,2.0,J_q,160,0.1470995070160165,0.05526739148021231,0.11552880999237965,0.18076604671651267,,,,
V4_async_2t,ofat,V4_delay_async,2.0,J_p,160,0.009056154818878162,0.007785172091500758,-0.0009752918113760884,0.01902284588215507,,,,
V4_async_2t,ofat,V4_delay_async,2.0,corr_q,160,-0.2159305084047786,-0.20265846939793558,-0.24091992248548727,-0.19137274250257091,,,,
V4_async_2t,ofat,V4_delay_async,2.0,q_gain,160,0.05178230649692126,0.000300665246100118,0.030584801427267584,0.07492056110366892,,,,
V4_async_2t,ofat,V4_delay_async,2.0,sat_ele,160,0.07126362805189564,0.04512499999999997,0.052959976928905084,0.08991730575231542,,,,
V5_noise_0.01,ofat,V5_noise,0.01,hp_diff_d8,160,1.2402343750000027,0.0,-2.2767089843749457,5.286637369791663,차이 없음,판정 불가,차이 없음,판정 불가(둔감 지표)
V5_noise_0.01,ofat,V5_noise,0.01,net_wez,160,-0.05812499999999952,0.0,-0.16604166666666637,0.041102864583334876,차이 없음,판정 불가,차이 없음,차이 없음
V5_noise_0.01,ofat,V5_noise,0.01,blue_pts,160,-0.01875,0.0,-0.1125,0.075,,,,
V5_noise_0.01,ofat,V5_noise,0.01,frac_ata30_blue,160,0.004204220147900917,0.0,-0.0017017999711089553,0.012148002717709811,,,,
V5_noise_0.01,ofat,V5_noise,0.01,frac_slant_band,160,-0.000996816112175776,0.0,-0.0027315686204412927,0.0005210122988079018,,,,
V5_noise_0.01,ofat,V5_noise,0.01,frac_ata_band_blue,160,-0.0008803101064171929,0.0,-0.003215314516555241,0.0011418624434449195,,,,
V5_noise_0.01,ofat,V5_noise,0.01,frac_fight_speed_blue,160,0.0011343959606269186,-8.56332689341821e-07,-0.0018520258738947417,0.004305230214370424,,,,
V5_noise_0.01,ofat,V5_noise,0.01,frac_corner_blue,160,0.0046723525855169494,0.0,0.0006860365967886118,0.009212266498706304,,,,
V5_noise_0.01,ofat,V5_noise,0.01,kcas_mean_blue,160,0.9028319566947036,-0.0015856284850315205,-0.07236672120016308,2.294709131125007,,,,
V5_noise_0.01,ofat,V5_noise,0.01,dalt_blue_ft,160,223.14550896505824,0.07474293000996113,-146.1740223180252,620.1992150730878,,,,
V5_noise_0.01,ofat,V5_noise,0.01,t_first_wez_blue,160,1.447083333333333,0.0,-0.2842799479166674,3.8668359374999977,,,,
V5_noise_0.01,ofat,V5_noise,0.01,wez_censored_blue,160,-0.00625,0.0,-0.0375,0.01875,,,,
V5_noise_0.01,ofat,V5_noise,0.01,J_q,160,0.0002636906563489687,9.24496562179633e-07,-0.0010024346536961542,0.0016067534363287887,,,,
V5_noise_0.01,ofat,V5_noise,0.01,J_p,160,-0.00036002210049222196,1.4345390674519454e-05,-0.00316568078514817,0.002666503863457163,,,,
V5_noise_0.01,ofat,V5_noise,0.01,corr_q,160,0.0007553252517322792,-9.698705510929884e-08,-0.000557224657685096,0.0020840403349890848,,,,
V5_noise_0.01,ofat,V5_noise,0.01,q_gain,160,0.00034679415279500884,2.533157281547904e-06,-0.000367993559014181,0.0011139168921082139,,,,
V5_noise_0.01,ofat,V5_noise,0.01,sat_ele,160,-0.0043099829032401575,-0.00047918915919289984,-0.0073672594640898864,-0.001751496159689165,,,,
V5_noise_0.03,ofat,V5_noise,0.03,hp_diff_d8,160,0.3157552083333325,0.0,-2.7826660156250185,3.848307291666645,차이 없음,차이 없음,차이 없음,판정 불가(둔감 지표)
V5_noise_0.03,ofat,V5_noise,0.03,net_wez,160,-0.1020312500000008,0.0,-0.20489713541666774,-0.015154947916666118,차이 없음,판정 불가,차이 없음,차이 없음
V5_noise_0.03,ofat,V5_noise,0.03,blue_pts,160,0.09375,0.0,0.0,0.1875,,,,
V5_noise_0.03,ofat,V5_noise,0.03,frac_ata30_blue,160,0.0002738590010560045,0.0,-0.007275120059317304,0.007945075081665993,,,,
V5_noise_0.03,ofat,V5_noise,0.03,frac_slant_band,160,0.0010470061625302124,5.171313768737029e-05,-0.0012696260338081618,0.003465352200095295,,,,
V5_noise_0.03,ofat,V5_noise,0.03,frac_ata_band_blue,160,-0.0022843477985257975,0.0,-0.005580339865335987,0.0008127191392173787,,,,
V5_noise_0.03,ofat,V5_noise,0.03,frac_fight_speed_blue,160,-0.009392665267284354,-0.000549285778172065,-0.01668579353904909,-0.0033152575498240264,,,,
V5_noise_0.03,ofat,V5_noise,0.03,frac_corner_blue,160,-0.008011202608080225,0.0,-0.017107460447664348,-0.0002052886551935023,,,,
V5_noise_0.03,ofat,V5_noise,0.03,kcas_mean_blue,160,-0.5463370657407495,-0.004617504314779808,-1.9036475850312435,0.5988220473298381,,,,
V5_noise_0.03,ofat,V5_noise,0.03,dalt_blue_ft,160,-108.45410590816755,-0.4504865203052759,-466.7937867617945,240.04278782215664,,,,
V5_noise_0.03,ofat,V5_noise,0.03,t_first_wez_blue,160,0.16994791666666637,0.0,-1.2905468749999993,1.7049062499999998,,,,
V5_noise_0.03,ofat,V5_noise,0.03,wez_censored_blue,160,-0.00625,0.0,-0.03125,0.01875,,,,
V5_noise_0.03,ofat,V5_noise,0.03,J_q,160,-0.00048301158675484056,1.736919789203928e-05,-0.0019419610740933342,0.0007684071022045461,,,,
V5_noise_0.03,ofat,V5_noise,0.03,J_p,160,0.0005221180203573622,1.96112778488855e-06,-0.003239045816123201,0.00439399280437454,,,,
V5_noise_0.03,ofat,V5_noise,0.03,corr_q,160,0.000484815725133245,-3.126682780146828e-05,-0.0010745521931334323,0.0021506053528935086,,,,
V5_noise_0.03,ofat,V5_noise,0.03,q_gain,160,0.00064039663029676,4.75398573701602e-06,-0.00041687607267484135,0.0018907334756835532,,,,
V5_noise_0.03,ofat,V5_noise,0.03,sat_ele,160,-0.0024108711276208464,-0.0008403351839406659,-0.0068443087977087145,0.0020000889347501563,,,,
V5_noise_0.1,ofat,V5_noise,0.1,hp_diff_d8,160,-1.7871093749999587,0.0,-5.181673177083218,1.4166992187499812,차이 없음,판정 불가,차이 없음,판정 불가(둔감 지표)
V5_noise_0.1,ofat,V5_noise,0.1,net_wez,160,-0.15901041666666846,0.0,-0.28635677083333766,-0.05239453125000036,판정 불가,판정 불가,차이 없음,판정 불가
V5_noise_0.1,ofat,V5_noise,0.1,blue_pts,160,0.0,0.0,-0.13125,0.1125,,,,
V5_noise_0.1,ofat,V5_noise,0.1,frac_ata30_blue,160,0.005026503188893509,0.0,-0.0019779254818853747,0.014769209813787544,,,,
V5_noise_0.1,ofat,V5_noise,0.1,frac_slant_band,160,0.001080921143824317,-2.3313031787888794e-05,-0.00044544680810735014,0.002687484162960553,,,,
V5_noise_0.1,ofat,V5_noise,0.1,frac_ata_band_blue,160,-0.002695442885653752,0.0,-0.00588043647806765,7.446413357579545e-05,,,,
V5_noise_0.1,ofat,V5_noise,0.1,frac_fight_speed_blue,160,-0.007113925694574794,-0.0004970608932358123,-0.015140312361781337,-0.00024076191063363616,,,,
V5_noise_0.1,ofat,V5_noise,0.1,frac_corner_blue,160,-0.005762644937722387,0.0,-0.014505894068951407,0.0017531322810271993,,,,
V5_noise_0.1,ofat,V5_noise,0.1,kcas_mean_blue,160,-0.21219997387257514,-0.00015470889670154975,-0.8583637020931101,0.37072898814027877,,,,
V5_noise_0.1,ofat,V5_noise,0.1,dalt_blue_ft,160,-82.39280564163346,-0.056207677349448204,-482.8173859266215,303.94177742456486,,,,
V5_noise_0.1,ofat,V5_noise,0.1,t_first_wez_blue,160,0.9436458333333333,0.0,-0.351526041666667,2.6172578124999983,,,,
V5_noise_0.1,ofat,V5_noise,0.1,wez_censored_blue,160,0.00625,0.0,-0.0125,0.03125,,,,
V5_noise_0.1,ofat,V5_noise,0.1,J_q,160,0.0005526243058860973,1.5204526113282713e-06,-0.0006898971875306665,0.0017969300107203996,,,,
V5_noise_0.1,ofat,V5_noise,0.1,J_p,160,-0.0006715396323916694,0.0001397714512377246,-0.0039214037250213316,0.002573099313308185,,,,
V5_noise_0.1,ofat,V5_noise,0.1,corr_q,160,0.001017535980110789,6.907480809997812e-05,-0.000798671238773438,0.0030083769716854718,,,,
V5_noise_0.1,ofat,V5_noise,0.1,q_gain,160,-0.00011990268058216791,6.129179151631581e-05,-0.00120577539990945,0.0010549428647694565,,,,
V5_noise_0.1,ofat,V5_noise,0.1,sat_ele,160,-0.009650631479882215,-0.004652777777777756,-0.014390690104087441,-0.005300007153718926,,,,
V6_turb_light,ofat,V6_turb,light,hp_diff_d8,160,-7.438802083333255,0.0,-15.396126302083198,0.26695963541676865,판정 불가,판정 불가,차이 없음,판정 불가
V6_turb_light,ofat,V6_turb,light,net_wez,160,-0.1285416666666688,0.0,-0.2760455729166699,0.016044270833331556,판정 불가,판정 불가,차이 없음,판정 불가
V6_turb_light,ofat,V6_turb,light,blue_pts,160,-0.05625,0.0,-0.2629687499999996,0.16875,,,,
V6_turb_light,ofat,V6_turb,light,frac_ata30_blue,160,0.003043529245846115,0.0,-0.017503601772332424,0.023878808702512116,,,,
V6_turb_light,ofat,V6_turb,light,frac_slant_band,160,-0.002959269161448196,-0.0002361111111111036,-0.009125969655259669,0.0031130032849995045,,,,
V6_turb_light,ofat,V6_turb,light,frac_ata_band_blue,160,0.002331678529574417,0.0020439255382417726,-0.004375249855022604,0.009155765237704174,,,,
V6_turb_light,ofat,V6_turb,light,frac_fight_speed_blue,160,-0.005519094274615101,-0.0027431512980876094,-0.018162439154309745,0.007155011357610901,,,,
V6_turb_light,ofat,V6_turb,light,frac_corner_blue,160,0.0006998434558050509,0.0,-0.014055147783805682,0.015151718208124365,,,,
V6_turb_light,ofat,V6_turb,light,kcas_mean_blue,160,1.16894636848723,0.5449147994478949,-0.8677134022801967,3.3139734705412947,,,,
V6_turb_light,ofat,V6_turb,light,dalt_blue_ft,160,141.12910580991303,-1.579844268038869,-583.8884333090886,908.0148695604968,,,,
V6_turb_light,ofat,V6_turb,light,t_first_wez_blue,160,-2.3932291666666656,-0.01666666666666572,-8.5293359375,3.1454466145833337,,,,
V6_turb_light,ofat,V6_turb,light,wez_censored_blue,160,-0.00625,0.0,-0.05,0.0375,,,,
V6_turb_light,ofat,V6_turb,light,J_q,160,0.005698883050971859,0.007087837777402045,0.0019516792732891697,0.00945196134962189,,,,
V6_turb_light,ofat,V6_turb,light,J_p,160,0.0382056205680961,0.041569297575017594,0.03035737086394522,0.045980291385361825,,,,
V6_turb_light,ofat,V6_turb,light,corr_q,160,-0.04045246615571504,-0.034421007055005504,-0.050009428908263036,-0.031834644345735574,,,,
V6_turb_light,ofat,V6_turb,light,q_gain,160,0.0006807930770345097,-0.0012650070732199148,-0.0023376120427629253,0.003827913022267384,,,,
V6_turb_light,ofat,V6_turb,light,sat_ele,160,-0.033479112285161934,-0.02762339195188876,-0.043285555242932885,-0.023896795741502014,,,,
V6_turb_moderate,ofat,V6_turb,moderate,hp_diff_d8,160,-8.044270833333263,0.0,-17.875309244791588,1.5736002604166601,판정 불가,판정 불가,차이 없음,판정 불가
V6_turb_moderate,ofat,V6_turb,moderate,net_wez,160,-0.12322916666666683,0.0,-0.31407291666666753,0.05000520833333153,판정 불가,판정 불가,차이 없음,판정 불가
V6_turb_moderate,ofat,V6_turb,moderate,blue_pts,160,-0.1125,0.0,-0.3375,0.1125,,,,
V6_turb_moderate,ofat,V6_turb,moderate,frac_ata30_blue,160,0.005225517112821579,0.0,-0.016683638628420656,0.026925730325054017,,,,
V6_turb_moderate,ofat,V6_turb,moderate,frac_slant_band,160,-0.002264735200283208,0.003987826617273094,-0.012573664218337352,0.007088910742670334,,,,
V6_turb_moderate,ofat,V6_turb,moderate,frac_ata_band_blue,160,-0.00016738078970618858,0.001513888888888898,-0.008234460130837899,0.007850557199740961,,,,
V6_turb_moderate,ofat,V6_turb,moderate,frac_fight_speed_blue,160,-0.007707982461484808,-0.013321430283554397,-0.021108032427507816,0.005576839760849716,,,,
V6_turb_moderate,ofat,V6_turb,moderate,frac_corner_blue,160,0.005069767080052444,0.0,-0.01031309677838359,0.020389124084006418,,,,
V6_turb_moderate,ofat,V6_turb,moderate,kcas_mean_blue,160,1.7609840713170357,0.8346345815130292,-0.5036703756700138,4.122444279161621,,,,
V6_turb_moderate,ofat,V6_turb,moderate,dalt_blue_ft,160,-284.4196236381773,-2.555844083428383,-1125.402454563225,533.6197429768296,,,,
V6_turb_moderate,ofat,V6_turb,moderate,t_first_wez_blue,160,-5.070156249999999,-0.033333333333333215,-11.73464453125,1.1075585937499997,,,,
V6_turb_moderate,ofat,V6_turb,moderate,wez_censored_blue,160,0.01875,0.0,-0.025,0.06875,,,,
V6_turb_moderate,ofat,V6_turb,moderate,J_q,160,0.02049867973326996,0.01950029980817526,0.016212834337453342,0.02492693899932462,,,,
V6_turb_moderate,ofat,V6_turb,moderate,J_p,160,0.08134828117879482,0.08587510385119052,0.06925801886160733,0.09299197050889492,,,,
V6_turb_moderate,ofat,V6_turb,moderate,corr_q,160,-0.09514094392208086,-0.08891155970206982,-0.10795524810460366,-0.082951914773966,,,,
V6_turb_moderate,ofat,V6_turb,moderate,q_gain,160,-0.0014841364277097646,-0.0038287559819658035,-0.00531162389557248,0.0024088305581708423,,,,
V6_turb_moderate,ofat,V6_turb,moderate,sat_ele,160,-0.05791513478047923,-0.05880533083708017,-0.06959823691530033,-0.04629227868151117,,,,
V6_turb_severe,ofat,V6_turb,severe,hp_diff_d8,160,-33.511718750000064,-19.73958333333382,-47.18035481770837,-20.102815755208443,차이 있음,차이 있음,차이 있음,차이 있음
V6_turb_severe,ofat,V6_turb,severe,net_wez,160,-0.9351041666666738,-0.23333333333333267,-1.2220846354166826,-0.6653046875000023,차이 있음,차이 있음,차이 있음,차이 있음
V6_turb_severe,ofat,V6_turb,severe,blue_pts,160,-0.50625,0.0,-0.7875,-0.225,,,,
V6_turb_severe,ofat,V6_turb,severe,frac_ata30_blue,160,-0.009951818273901668,-0.001217614687834811,-0.029872747510932,0.009709742402764636,,,,
V6_turb_severe,ofat,V6_turb,severe,frac_slant_band,160,-0.00928150136972373,0.006246965286555023,-0.025569682540653213,0.006450888448664265,,,,
V6_turb_severe,ofat,V6_turb,severe,frac_ata_band_blue,160,-0.03638375063885738,-0.015775482045437716,-0.0492306954695264,-0.024239870102836104,,,,
V6_turb_severe,ofat,V6_turb,severe,frac_fight_speed_blue,160,-0.04594616262302827,-0.04733200323893533,-0.0627166926593907,-0.02904675110286925,,,,
V6_turb_severe,ofat,V6_turb,severe,frac_corner_blue,160,-0.0022646731965579605,-0.005165964652474042,-0.023524736765025967,0.01993888479286563,,,,
V6_turb_severe,ofat,V6_turb,severe,kcas_mean_blue,160,6.237367499473164,4.643418559306923,3.6386159322003957,8.880561855484487,,,,
V6_turb_severe,ofat,V6_turb,severe,dalt_blue_ft,160,-1529.7742860899307,-588.8733763564378,-2571.14045440053,-519.4819004378504,,,,
V6_turb_severe,ofat,V6_turb,severe,t_first_wez_blue,160,-22.185208333333332,-0.04583333333333428,-33.24838932291667,-11.730557291666667,,,,
V6_turb_severe,ofat,V6_turb,severe,wez_censored_blue,160,0.11875,0.0,0.0625,0.175,,,,
V6_turb_severe,ofat,V6_turb,severe,J_q,160,0.17813526767688226,0.15833883651829123,0.16734398195684033,0.18963791806135635,,,,
V6_turb_severe,ofat,V6_turb,severe,J_p,160,0.24715650644555512,0.22889784611239705,0.22626808335605017,0.268721746885162,,,,
V6_turb_severe,ofat,V6_turb,severe,corr_q,160,-0.3590809413257355,-0.35491230282943564,-0.37706170417250334,-0.34237998160935695,,,,
V6_turb_severe,ofat,V6_turb,severe,q_gain,160,-0.042471600846119166,-0.05854733247386662,-0.05514626657163369,-0.02879532365935558,,,,
V6_turb_severe,ofat,V6_turb,severe,sat_ele,160,-0.039282241498507606,-0.04847377200728151,-0.05668875009337322,-0.021618867382721417,,,,
X02,combined,combined,A+B-C-D-E+F-,hp_diff_d8,160,-2.053385416666651,0.0,-8.81256510416658,4.724007161458379,차이 없음,판정 불가,차이 없음,판정 불가(둔감 지표)
X02,combined,combined,A+B-C-D-E+F-,net_wez,160,-0.1815104166666661,0.0,-0.34172005208333506,-0.030153645833329655,판정 불가,판정 불가,차이 없음,판정 불가
X02,combined,combined,A+B-C-D-E+F-,blue_pts,160,0.075,0.0,-0.13125,0.28125,,,,
X02,combined,combined,A+B-C-D-E+F-,frac_ata30_blue,160,0.0045905742347985765,0.0,-0.011799212813924152,0.02179850878805233,,,,
X02,combined,combined,A+B-C-D-E+F-,frac_slant_band,160,-0.0002986087369040864,-0.00013465160673788168,-0.005047410893831072,0.0043761216282884015,,,,
X02,combined,combined,A+B-C-D-E+F-,frac_ata_band_blue,160,-0.002937580374544374,-5.827763433795263e-05,-0.008105774263108463,0.0020504295718172076,,,,
X02,combined,combined,A+B-C-D-E+F-,frac_fight_speed_blue,160,-0.010508742139861731,-0.0030026522844265047,-0.020972798274090553,0.00012649468627722935,,,,
X02,combined,combined,A+B-C-D-E+F-,frac_corner_blue,160,-0.004031368883974826,0.0,-0.016335914453287134,0.008742405304761728,,,,
X02,combined,combined,A+B-C-D-E+F-,kcas_mean_blue,160,0.5135234929360462,-0.00651396321470088,-1.4436139522315687,2.714821109415702,,,,
X02,combined,combined,A+B-C-D-E+F-,dalt_blue_ft,160,-39.11176549757365,-1.5946316253393888,-653.6965177648508,590.16938006911,,,,
X02,combined,combined,A+B-C-D-E+F-,t_first_wez_blue,160,-0.2447395833333334,0.0,-4.598678385416666,3.770858072916664,,,,
X02,combined,combined,A+B-C-D-E+F-,wez_censored_blue,160,0.0,0.0,-0.03125,0.03125,,,,
X02,combined,combined,A+B-C-D-E+F-,J_q,160,0.014012281923430162,0.0016201582478617416,0.006269159362066168,0.024387924764358065,,,,
X02,combined,combined,A+B-C-D-E+F-,J_p,160,-0.002503131196643035,-0.000489495672818252,-0.00839527812956766,0.0033242894928714084,,,,
X02,combined,combined,A+B-C-D-E+F-,corr_q,160,-0.021111924926775053,-0.006375680870429445,-0.03097195262507015,-0.012750998797486934,,,,
X02,combined,combined,A+B-C-D-E+F-,q_gain,160,0.0029718126162915333,-0.0015844684150894128,-0.002738204441664729,0.010362734052178612,,,,
X02,combined,combined,A+B-C-D-E+F-,sat_ele,160,0.01509128546544613,0.007429532338624423,0.0052814263887349154,0.024852514200579892,,,,
X03,combined,combined,A-B+C-D-E+F+,hp_diff_d8,160,-6.4667968750000115,0.0,-16.233105468749983,3.4044596354166345,판정 불가,판정 불가,차이 없음,판정 불가
X03,combined,combined,A-B+C-D-E+F+,net_wez,160,-0.16026041666666582,0.0,-0.34692838541666904,0.014947916666666693,판정 불가,판정 불가,차이 없음,판정 불가
X03,combined,combined,A-B+C-D-E+F+,blue_pts,160,0.01875,0.0,-0.20625,0.24375,,,,
X03,combined,combined,A-B+C-D-E+F+,frac_ata30_blue,160,0.00232452173139628,0.0,-0.019468941719062577,0.024066543026465787,,,,
X03,combined,combined,A-B+C-D-E+F+,frac_slant_band,160,-0.0017004894954029178,0.0027524309670758085,-0.011811459856066114,0.007563913596957667,,,,
X03,combined,combined,A-B+C-D-E+F+,frac_ata_band_blue,160,0.0008147255383592143,0.0033483736048723622,-0.006614456194598827,0.008131998032321721,,,,
X03,combined,combined,A-B+C-D-E+F+,frac_fight_speed_blue,160,-0.006657544083908451,-0.01025499316982359,-0.019721022146453635,0.006250111307816659,,,,
X03,combined,combined,A-B+C-D-E+F+,frac_corner_blue,160,0.008280037848321214,0.0,-0.0073455914967486356,0.023942112532353458,,,,
X03,combined,combined,A-B+C-D-E+F+,kcas_mean_blue,160,1.8168073708030867,0.7288190546879321,-0.5241395279158043,4.20264086799288,,,,
X03,combined,combined,A-B+C-D-E+F+,dalt_blue_ft,160,-853.856721424521,-1.8301210552453995,-1696.2712168123526,-43.20519157995821,,,,
X03,combined,combined,A-B+C-D-E+F+,t_first_wez_blue,160,-3.4684895833333327,-0.025000000000000355,-9.387791666666665,2.083873697916663,,,,
X03,combined,combined,A-B+C-D-E+F+,wez_censored_blue,160,0.01875,0.0,-0.025,0.0625,,,,
X03,combined,combined,A-B+C-D-E+F+,J_q,160,0.022018153296354263,0.022004489273752065,0.017565923459659145,0.026467378205066443,,,,
X03,combined,combined,A-B+C-D-E+F+,J_p,160,0.08700106870369342,0.09220374510965346,0.07563165180785035,0.09840920336680058,,,,
X03,combined,combined,A-B+C-D-E+F+,corr_q,160,-0.10392396995536343,-0.09732365327397147,-0.11707907184999042,-0.0914548552797617,,,,
X03,combined,combined,A-B+C-D-E+F+,q_gain,160,-0.00023930903167829616,-0.0018959643627661227,-0.004056696494571235,0.0037719639732483874,,,,
X03,combined,combined,A-B+C-D-E+F+,sat_ele,160,-0.05924287695911483,-0.05995933482049021,-0.07133160049936818,-0.04716266976422847,,,,
X04,combined,combined,A+B+C-D-E-F+,hp_diff_d8,160,-20.309895833333304,0.0,-31.264095052083327,-9.91658528645834,차이 있음,차이 있음,판정 불가,차이 있음
X04,combined,combined,A+B+C-D-E-F+,net_wez,160,-0.28614583333333377,0.0,-0.49641536458333485,-0.08129036458333327,판정 불가,판정 불가,차이 없음,판정 불가
X04,combined,combined,A+B+C-D-E-F+,blue_pts,160,-0.39375,0.0,-0.6375,-0.16875,,,,
X04,combined,combined,A+B+C-D-E-F+,frac_ata30_blue,160,0.012821932101848618,0.0,-0.009844174786401991,0.036569742151860964,,,,
X04,combined,combined,A+B+C-D-E-F+,frac_slant_band,160,-0.012888486177836033,-0.0008113543153221853,-0.024593410113526,-0.0017795415974094142,,,,
X04,combined,combined,A+B+C-D-E-F+,frac_ata_band_blue,160,-0.005546793601503602,0.0028749999999999887,-0.014765354252749316,0.0032221714672461543,,,,
X04,combined,combined,A+B+C-D-E-F+,frac_fight_speed_blue,160,-0.008617230249640744,-0.0102617372738842,-0.024304214364629532,0.006413951249211873,,,,
X04,combined,combined,A+B+C-D-E-F+,frac_corner_blue,160,0.004024229911080498,0.0,-0.01476742830130269,0.02274612189831419,,,,
X04,combined,combined,A+B+C-D-E-F+,kcas_mean_blue,160,2.1542189223758834,0.7619653461472353,-0.2676400906514544,4.704364341895389,,,,
X04,combined,combined,A+B+C-D-E-F+,dalt_blue_ft,160,-476.011392080551,-2.282439498230815,-1310.702729795071,331.1067149843593,,,,
X04,combined,combined,A+B+C-D-E-F+,t_first_wez_blue,160,-4.175781249999999,0.0,-11.590552083333332,2.4865455729166643,,,,
X04,combined,combined,A+B+C-D-E-F+,wez_censored_blue,160,0.03125,0.0,-0.01875,0.08125,,,,
X04,combined,combined,A+B+C-D-E-F+,J_q,160,0.10834808891353173,0.04388350014162318,0.08520931734212668,0.13436656329309535,,,,
X04,combined,combined,A+B+C-D-E-F+,J_p,160,0.07857017093456511,0.08750695952901405,0.06632781740400699,0.09097377332602391,,,,
X04,combined,combined,A+B+C-D-E-F+,corr_q,160,-0.21480867861491104,-0.19781177480148565,-0.23307092455503242,-0.19675312954325924,,,,
X04,combined,combined,A+B+C-D-E-F+,q_gain,160,0.04205543407746935,0.001008114425927853,0.022231501276548167,0.06486415755730132,,,,
X04,combined,combined,A+B+C-D-E-F+,sat_ele,160,0.012893360144089067,0.0029669170876928663,-0.0018722494332018245,0.027949819786228527,,,,
X05,combined,combined,A-B-C+D-E+F+,hp_diff_d8,160,2.5052083333333046,0.0,-11.848779296875042,16.60109049479172,판정 불가,판정 불가,차이 없음,판정 불가
X05,combined,combined,A-B-C+D-E+F+,net_wez,160,0.16578125000000413,0.0,-0.04094140624999486,0.37583463541667245,판정 불가,판정 불가,차이 없음,판정 불가
X05,combined,combined,A-B-C+D-E+F+,blue_pts,160,0.075,0.0,-0.225,0.375,,,,
X05,combined,combined,A-B-C+D-E+F+,frac_ata30_blue,160,0.029286303545495062,0.013076478258202646,0.005938191518128082,0.05260122887082566,,,,
X05,combined,combined,A-B-C+D-E+F+,frac_slant_band,160,0.0009281388986991535,-0.001982195328222025,-0.016659195022048844,0.018546068810685105,,,,
X05,combined,combined,A-B-C+D-E+F+,frac_ata_band_blue,160,-0.0005838087089907133,-0.004304016754893794,-0.015654622686899256,0.01449616440566133,,,,
X05,combined,combined,A-B-C+D-E+F+,frac_fight_speed_blue,160,-0.006698597879543128,0.0009877257864158995,-0.02470741410990485,0.010512128930541277,,,,
X05,combined,combined,A-B-C+D-E+F+,frac_corner_blue,160,-0.005704440071946888,0.0,-0.026535264102398985,0.015026925449044977,,,,
X05,combined,combined,A-B-C+D-E+F+,kcas_mean_blue,160,1.3110847471945841,0.14838523294710626,-1.8205593726313558,4.482778046368701,,,,
X05,combined,combined,A-B-C+D-E+F+,dalt_blue_ft,160,-551.6618067305069,-1.257075211033225,-1515.2972855406,361.03747462739193,,,,
X05,combined,combined,A-B-C+D-E+F+,t_first_wez_blue,160,-15.566354166666665,-0.01666666666666572,-26.566076822916667,-5.220462239583333,,,,
X05,combined,combined,A-B-C+D-E+F+,wez_censored_blue,160,-0.06875,0.0,-0.125,-0.0125,,,,
X05,combined,combined,A-B-C+D-E+F+,J_q,160,0.08140237138900712,0.05743997955800076,0.0714724785202431,0.09157964087705868,,,,
X05,combined,combined,A-B-C+D-E+F+,J_p,160,0.07599165957406388,0.086593391439453,0.06130740334701957,0.08998752031830276,,,,
X05,combined,combined,A-B-C+D-E+F+,corr_q,160,-0.22475329789855397,-0.2309510804851841,-0.2411144128771758,-0.20817223137426946,,,,
X05,combined,combined,A-B-C+D-E+F+,q_gain,160,0.024421885734073456,0.023970121778190023,0.010979447629729286,0.037670743832643065,,,,
X05,combined,combined,A-B-C+D-E+F+,sat_ele,160,-0.10707019355909511,-0.11397822052143025,-0.12162376384636168,-0.09249370503078341,,,,
X06,combined,combined,A+B-C+D-E-F+,hp_diff_d8,160,-4.809895833333333,0.0,-17.81577148437494,7.524967447916629,판정 불가,판정 불가,차이 없음,판정 불가
X06,combined,combined,A+B-C+D-E-F+,net_wez,160,-0.007916666666664551,0.0,-0.20448177083333552,0.18552473958333818,차이 없음,판정 불가,차이 없음,차이 없음
X06,combined,combined,A+B-C+D-E-F+,blue_pts,160,-0.09375,0.0,-0.39375,0.1875,,,,
X06,combined,combined,A+B-C+D-E-F+,frac_ata30_blue,160,0.019962856765991948,0.006396721782659683,-0.0015421843479238436,0.04189603865726323,,,,
X06,combined,combined,A+B-C+D-E-F+,frac_slant_band,160,-0.0013176997725136616,-0.002253203900318558,-0.015043622513376133,0.011742786463013478,,,,
X06,combined,combined,A+B-C+D-E-F+,frac_ata_band_blue,160,0.0025280719834697616,0.0,-0.009272800496197244,0.014251679271854058,,,,
X06,combined,combined,A+B-C+D-E-F+,frac_fight_speed_blue,160,-0.003498299097826215,0.003616468734757655,-0.019410616292996896,0.012064696857405572,,,,
X06,combined,combined,A+B-C+D-E-F+,frac_corner_blue,160,0.004208089938445203,0.0,-0.013335266804794505,0.02178559844686357,,,,
X06,combined,combined,A+B-C+D-E-F+,kcas_mean_blue,160,2.3084228655867465,0.40679797662727424,-0.40527047934990473,5.204662708246553,,,,
X06,combined,combined,A+B-C+D-E-F+,dalt_blue_ft,160,-769.2631469458807,-222.9668344706297,-1647.0392594081902,90.32074398511541,,,,
X06,combined,combined,A+B-C+D-E-F+,t_first_wez_blue,160,-6.8220833333333335,-0.00833333333333286,-15.951680989583332,1.663144531250001,,,,
X06,combined,combined,A+B-C+D-E-F+,wez_censored_blue,160,-0.03125,0.0,-0.08125,0.01875,,,,
X06,combined,combined,A+B-C+D-E-F+,J_q,160,0.062006207672533356,0.04682621132150103,0.05430152384715008,0.07002818174587878,,,,
X06,combined,combined,A+B-C+D-E-F+,J_p,160,0.07582787868582389,0.07992941503382162,0.06212187549942805,0.08942923437990435,,,,
X06,combined,combined,A+B-C+D-E-F+,corr_q,160,-0.20011289000094204,-0.19110487390485076,-0.2151522447394646,-0.18530687745255994,,,,
X06,combined,combined,A+B-C+D-E-F+,q_gain,160,0.01872338452120341,0.01907274708132256,0.009324712453698654,0.02835040010390964,,,,
X06,combined,combined,A+B-C+D-E-F+,sat_ele,160,-0.06854596462310035,-0.07216744378713205,-0.0812666474201931,-0.05581423462179243,,,,
X07,combined,combined,A-B+C+D-E-F-,hp_diff_d8,160,10.24348958333331,0.0,-2.3047526041666817,22.909684244791638,판정 불가,판정 불가,판정 불가,판정 불가
X07,combined,combined,A-B+C+D-E-F-,net_wez,160,0.3266666666666753,0.0,0.09810026041666874,0.5588541666666831,판정 불가,판정 불가,판정 불가,판정 불가
X07,combined,combined,A-B+C+D-E-F-,blue_pts,160,0.35625,0.0,0.05625,0.6375,,,,
X07,combined,combined,A-B+C+D-E-F-,frac_ata30_blue,160,0.03638859999313038,0.012245812101847144,0.018243011535040557,0.05528745151567655,,,,
X07,combined,combined,A-B+C+D-E-F-,frac_slant_band,160,0.0019572659539340816,-0.0030237577599006443,-0.011360479535035365,0.016115611195796433,,,,
X07,combined,combined,A-B+C+D-E-F-,frac_ata_band_blue,160,0.007310543508556588,0.0,-0.009446086143955309,0.025210571323263112,,,,
X07,combined,combined,A-B+C+D-E-F-,frac_fight_speed_blue,160,0.0088928298844605,0.007754290256489632,-0.010299216966678449,0.027547532908956673,,,,
X07,combined,combined,A-B+C+D-E-F-,frac_corner_blue,160,-0.001197268369825069,0.0,-0.02093700394025705,0.018971432235048966,,,,
X07,combined,combined,A-B+C+D-E-F-,kcas_mean_blue,160,0.932818400754136,0.4265548535114476,-1.1557471701084574,3.056080614721806,,,,
X07,combined,combined,A-B+C+D-E-F-,dalt_blue_ft,160,631.6141726205591,118.0787691399455,-238.07892716072848,1470.415817658477,,,,
X07,combined,combined,A-B+C+D-E-F-,t_first_wez_blue,160,-13.24265625,0.0,-24.741736979166667,-2.595986979166666,,,,
X07,combined,combined,A-B+C+D-E-F-,wez_censored_blue,160,-0.10625,0.0,-0.16875,-0.04375,,,,
X07,combined,combined,A-B+C+D-E-F-,J_q,160,0.0466799737771279,0.030650818231912944,0.03787488290090398,0.05605660770544308,,,,
X07,combined,combined,A-B+C+D-E-F-,J_p,160,0.0027343342458749894,0.010389445594588098,-0.00892941963703552,0.014088915883855219,,,,
X07,combined,combined,A-B+C+D-E-F-,corr_q,160,-0.07978149386761926,-0.06840678036736852,-0.09461358111292563,-0.06569497028293704,,,,
X07,combined,combined,A-B+C+D-E-F-,q_gain,160,0.028550131610335833,0.021270418607749142,0.014696794557248432,0.04254802902260454,,,,
X07,combined,combined,A-B+C+D-E-F-,sat_ele,160,-0.003928520526123294,-0.03468423796605816,-0.02459211774715116,0.017900380652125555,,,,
X08,combined,combined,A+B+C+D-E+F-,hp_diff_d8,160,3.736328124999994,0.0,-8.299641927083364,15.444921875000027,판정 불가,판정 불가,차이 없음,판정 불가
X08,combined,combined,A+B+C+D-E+F-,net_wez,160,0.11822916666666931,0.0,-0.07824218750000075,0.3164609375000038,판정 불가,판정 불가,차이 없음,판정 불가
X08,combined,combined,A+B+C+D-E+F-,blue_pts,160,0.09375,0.0,-0.1875,0.375,,,,
X08,combined,combined,A+B+C+D-E+F-,frac_ata30_blue,160,0.024662954951341118,0.002708333333333336,0.007001102974361984,0.043861309273059174,,,,
X08,combined,combined,A+B+C+D-E+F-,frac_slant_band,160,0.002898896085849475,-0.001998864684866694,-0.010571912308351883,0.016451865223599337,,,,
X08,combined,combined,A+B+C+D-E+F-,frac_ata_band_blue,160,0.002363668872525314,0.0,-0.010554308590452026,0.01583786490445488,,,,
X08,combined,combined,A+B+C+D-E+F-,frac_fight_speed_blue,160,0.0015243557674867888,0.004025884263765156,-0.014274602892430181,0.016753805024370825,,,,
X08,combined,combined,A+B+C+D-E+F-,frac_corner_blue,160,-0.005391722062774158,0.0,-0.023393908910789157,0.01297806228716457,,,,
X08,combined,combined,A+B+C+D-E+F-,kcas_mean_blue,160,0.8707733195812196,0.41241421362227015,-1.4542092250831566,3.181913692130236,,,,
X08,combined,combined,A+B+C+D-E+F-,dalt_blue_ft,160,37.18545509141404,120.60316101461649,-910.4788997107773,924.8527372151937,,,,
X08,combined,combined,A+B+C+D-E+F-,t_first_wez_blue,160,-3.614947916666665,0.0,-13.829700520833333,6.078124999999998,,,,
X08,combined,combined,A+B+C+D-E+F-,wez_censored_blue,160,-0.05625,0.0,-0.11875,0.00625,,,,
X08,combined,combined,A+B+C+D-E+F-,J_q,160,0.024312171432484812,0.016366820697415574,0.01849682561932227,0.030550441252930393,,,,
X08,combined,combined,A+B+C+D-E+F-,J_p,160,-0.0009922441640559982,0.0024479346125344525,-0.010396619184017441,0.008074506466966311,,,,
X08,combined,combined,A+B+C+D-E+F-,corr_q,160,-0.04927288341581666,-0.04143087044384175,-0.0619063238924828,-0.03803364048836039,,,,
X08,combined,combined,A+B+C+D-E+F-,q_gain,160,0.0172713541056072,0.011118254690676233,0.007808503927531256,0.027053479930589933,,,,
X08,combined,combined,A+B+C+D-E+F-,sat_ele,160,-0.001679968990365699,-0.021136237464369406,-0.019633979959123804,0.016458345539405183,,,,
X09,combined,combined,A-B-C-D+E-F+,hp_diff_d8,160,-1.9095052083333344,0.0,-11.228776041666693,7.384098307291644,판정 불가,판정 불가,차이 없음,판정 불가
X09,combined,combined,A-B-C-D+E-F+,net_wez,160,-0.023489583333332998,0.0,-0.182820312500001,0.13474479166666647,차이 없음,판정 불가,차이 없음,차이 없음
X09,combined,combined,A-B-C-D+E-F+,blue_pts,160,0.15,0.0,-0.05625,0.35625,,,,
X09,combined,combined,A-B-C-D+E-F+,frac_ata30_blue,160,0.005265946316285575,0.0,-0.014373811017544244,0.02529961946290689,,,,
X09,combined,combined,A-B-C-D+E-F+,frac_slant_band,160,-0.00018020704840942015,0.002452523719774738,-0.010638223059812397,0.009646896562810934,,,,
X09,combined,combined,A-B-C-D+E-F+,frac_ata_band_blue,160,-0.0006264511747271523,0.002098807473080118,-0.007821838060811215,0.006484293570110861,,,,
X09,combined,combined,A-B-C-D+E-F+,frac_fight_speed_blue,160,-0.0026666432697670227,-0.0048194444444444595,-0.015729653903915106,0.010168437618379579,,,,
X09,combined,combined,A-B-C-D+E-F+,frac_corner_blue,160,0.009540621967646743,0.0,-0.0055192055291822095,0.024678856121286546,,,,
X09,combined,combined,A-B-C-D+E-F+,kcas_mean_blue,160,1.678141231612366,0.4430645621399947,-0.5962747263796685,4.059413887357085,,,,
X09,combined,combined,A-B-C-D+E-F+,dalt_blue_ft,160,-563.8647988390876,-0.6934676561504602,-1418.8570412388194,243.26400561785542,,,,
X09,combined,combined,A-B-C-D+E-F+,t_first_wez_blue,160,-8.4421875,-0.025000000000000355,-15.349282552083332,-2.1652513020833326,,,,
X09,combined,combined,A-B-C-D+E-F+,wez_censored_blue,160,0.0,0.0,-0.04375,0.04375,,,,
X09,combined,combined,A-B-C-D+E-F+,J_q,160,0.03541574335689949,0.031897622808780016,0.030875115425128673,0.04002871861008498,,,,
X09,combined,combined,A-B-C-D+E-F+,J_p,160,0.07790159754569437,0.08088479883436045,0.06780628691775042,0.0879713021903927,,,,
X09,combined,combined,A-B-C-D+E-F+,corr_q,160,-0.14880161523842927,-0.14822852766827826,-0.16251535163530567,-0.13502219948055233,,,,
X09,combined,combined,A-B-C-D+E-F+,q_gain,160,0.006532662312814147,0.002680719579801538,0.0023493936835786793,0.010886976963562073,,,,
X09,combined,combined,A-B-C-D+E-F+,sat_ele,160,-0.06935383128937715,-0.06331531889513045,-0.08033360875776031,-0.05854573503424159,,,,
X10,combined,combined,A+B-C-D+E+F+,hp_diff_d8,160,-11.183593749999977,0.0,-20.44166666666662,-2.1039062499999854,판정 불가,판정 불가,판정 불가,판정 불가
X10,combined,combined,A+B-C-D+E+F+,net_wez,160,-0.18057291666666622,0.0,-0.3388072916666675,-0.023175781249995673,판정 불가,판정 불가,차이 없음,판정 불가
X10,combined,combined,A+B-C-D+E+F+,blue_pts,160,-0.1875,0.0,-0.4125,0.0375,,,,
X10,combined,combined,A+B-C-D+E+F+,frac_ata30_blue,160,0.0051198005333337945,0.0,-0.017952188469479616,0.028665767292990738,,,,
X10,combined,combined,A+B-C-D+E+F+,frac_slant_band,160,-0.00488362282643867,0.001949950835643463,-0.015170210078706942,0.0047160604559862455,,,,
X10,combined,combined,A+B-C-D+E+F+,frac_ata_band_blue,160,0.0020363280260261,0.0035694444444444385,-0.00612547783379102,0.009997790499851094,,,,
X10,combined,combined,A+B-C-D+E+F+,frac_fight_speed_blue,160,-0.0033314676752578,-0.004357001055502491,-0.017314791158858395,0.010573018514165023,,,,
X10,combined,combined,A+B-C-D+E+F+,frac_corner_blue,160,0.015401652298775634,0.0,-0.002152541037729238,0.033336787947025985,,,,
X10,combined,combined,A+B-C-D+E+F+,kcas_mean_blue,160,1.6479657925952573,0.38388917891913366,-0.9857891013369673,4.402783080659172,,,,
X10,combined,combined,A+B-C-D+E+F+,dalt_blue_ft,160,-450.83244883334265,-3.367410307750106,-1202.3129596510257,291.58940412918287,,,,
X10,combined,combined,A+B-C-D+E+F+,t_first_wez_blue,160,-4.715,0.0,-11.565114583333335,1.5607408854166664,,,,
X10,combined,combined,A+B-C-D+E+F+,wez_censored_blue,160,0.0,0.0,-0.04375,0.04375,,,,
X10,combined,combined,A+B-C-D+E+F+,J_q,160,0.0874215702900807,0.04571997731766829,0.06695815330367275,0.11157813856726974,,,,
X10,combined,combined,A+B-C-D+E+F+,J_p,160,0.07241959549595436,0.07832412557288637,0.06133986940552321,0.08329205880584716,,,,
X10,combined,combined,A+B-C-D+E+F+,corr_q,160,-0.2131818075839691,-0.202673774445092,-0.23274366227687776,-0.1942630649516773,,,,
X10,combined,combined,A+B-C-D+E+F+,q_gain,160,0.028354183095992608,0.003456964855696354,0.012159599170720006,0.04855828616806416,,,,
X10,combined,combined,A+B-C-D+E+F+,sat_ele,160,-0.024946084147148502,-0.022476458427039575,-0.03663539020025302,-0.013150771490873597,,,,
X11,combined,combined,A-B+C-D+E+F-,hp_diff_d8,160,-5.291015624999974,0.0,-12.825667317708271,2.2826497395833756,판정 불가,판정 불가,차이 없음,판정 불가
X11,combined,combined,A-B+C-D+E+F-,net_wez,160,-0.06994791666666547,0.0,-0.21099088541666744,0.06433854166666814,차이 없음,판정 불가,차이 없음,차이 없음
X11,combined,combined,A-B+C-D+E+F-,blue_pts,160,-0.01875,0.0,-0.20625,0.16875,,,,
X11,combined,combined,A-B+C-D+E+F-,frac_ata30_blue,160,0.013048589706094363,0.0,0.0005321756167502695,0.02700555785403897,,,,
X11,combined,combined,A-B+C-D+E+F-,frac_slant_band,160,-3.5230256396562645e-05,-0.0010500589520278797,-0.004745489501519764,0.004892740983009898,,,,
X11,combined,combined,A-B+C-D+E+F-,frac_ata_band_blue,160,-0.004105036581814399,-0.0002769067816973496,-0.010138511920076636,0.0016593001100762667,,,,
X11,combined,combined,A-B+C-D+E+F-,frac_fight_speed_blue,160,-0.0087204049030506,-0.0012332180783226898,-0.018800934677196134,6.106874125142232e-05,,,,
X11,combined,combined,A-B+C-D+E+F-,frac_corner_blue,160,-0.0064076998890817485,0.0,-0.019073486557368066,0.005268410356489632,,,,
X11,combined,combined,A-B+C-D+E+F-,kcas_mean_blue,160,-0.004155824828448118,0.01753048071961416,-1.9221779391041862,1.7632064566441796,,,,
X11,combined,combined,A-B+C-D+E+F-,dalt_blue_ft,160,-189.6517749226652,0.8154802955687046,-745.3928534552863,343.141166792935,,,,
X11,combined,combined,A-B+C-D+E+F-,t_first_wez_blue,160,-2.6021354166666666,0.0,-7.812110677083332,2.1305221354166664,,,,
X11,combined,combined,A-B+C-D+E+F-,wez_censored_blue,160,-0.01875,0.0,-0.0625,0.01875,,,,
X11,combined,combined,A-B+C-D+E+F-,J_q,160,0.002472338724829945,0.0019157603572147325,-3.5813506096986114e-05,0.005028696705354997,,,,
X11,combined,combined,A-B+C-D+E+F-,J_p,160,0.012220618775597557,0.011973048987579726,0.007638600244227294,0.01672676749276687,,,,
X11,combined,combined,A-B+C-D+E+F-,corr_q,160,-0.00030029518443531534,-0.0005434965411860171,-0.0042407661529818555,0.0035332907286809564,,,,
X11,combined,combined,A-B+C-D+E+F-,q_gain,160,0.0016159616082834275,0.0006422350885422201,-0.00039673887646995574,0.0036984939007363945,,,,
X11,combined,combined,A-B+C-D+E+F-,sat_ele,160,-0.012941156189024122,-0.009958333333333347,-0.021008935218977287,-0.005152628907146339,,,,
X12,combined,combined,A+B+C-D+E-F-,hp_diff_d8,160,-0.5722656250000464,0.0,-7.291064453125078,6.195377604166625,차이 없음,판정 불가,차이 없음,판정 불가(둔감 지표)
X12,combined,combined,A+B+C-D+E-F-,net_wez,160,-0.09098958333333353,0.0,-0.21078385416666712,0.02994791666666671,차이 없음,판정 불가,차이 없음,차이 없음
X12,combined,combined,A+B+C-D+E-F-,blue_pts,160,0.075,0.0,-0.1125,0.2625,,,,
X12,combined,combined,A+B+C-D+E-F-,frac_ata30_blue,160,0.009041102305765419,0.0,-0.0057205330930682795,0.025201919008182316,,,,
X12,combined,combined,A+B+C-D+E-F-,frac_slant_band,160,0.0008362183276197771,-0.0002935401312869762,-0.004308082476711266,0.0064084300452074425,,,,
X12,combined,combined,A+B+C-D+E-F-,frac_ata_band_blue,160,-0.00347814417295651,4.911339089826508e-05,-0.009305175084604066,0.0021625915790042002,,,,
X12,combined,combined,A+B+C-D+E-F-,frac_fight_speed_blue,160,-0.0015277392675366497,0.0004734802034740415,-0.013290306294433294,0.009978264143402396,,,,
X12,combined,combined,A+B+C-D+E-F-,frac_corner_blue,160,0.004453893633257279,0.0,-0.009062389264011343,0.017915825070660498,,,,
X12,combined,combined,A+B+C-D+E-F-,kcas_mean_blue,160,1.30635783231271,-0.021173254919830242,-0.10515554568338703,2.943576412875994,,,,
X12,combined,combined,A+B+C-D+E-F-,dalt_blue_ft,160,24.897044582292438,0.3182618413120508,-572.5430829560948,586.3720268000066,,,,
X12,combined,combined,A+B+C-D+E-F-,t_first_wez_blue,160,0.302760416666667,0.0,-2.4209231770833335,3.0237278645833325,,,,
X12,combined,combined,A+B+C-D+E-F-,wez_censored_blue,160,0.00625,0.0,-0.03125,0.04375,,,,
X12,combined,combined,A+B+C-D+E-F-,J_q,160,0.001293778679080115,-0.00033710554707060136,-0.0017808126311197837,0.004418912892354086,,,,
X12,combined,combined,A+B+C-D+E-F-,J_p,160,0.01169975457448263,0.011558557545475356,0.006695452402422604,0.01670666302520904,,,,
X12,combined,combined,A+B+C-D+E-F-,corr_q,160,0.0010677709570167337,0.0021070255035071095,-0.0032540028318144582,0.005747401664314232,,,,
X12,combined,combined,A+B+C-D+E-F-,q_gain,160,-0.0007914531187431829,-0.00014466556505898787,-0.002842461551875564,0.0012764980427385775,,,,
X12,combined,combined,A+B+C-D+E-F-,sat_ele,160,-0.002201727804966224,-0.0010058144760193843,-0.008754983881953565,0.004136214060233131,,,,
X13,combined,combined,A-B-C+D+E+F-,hp_diff_d8,160,13.279296875000028,0.0,-0.13761393229165636,26.44988606770825,판정 불가,판정 불가,판정 불가,판정 불가
X13,combined,combined,A-B-C+D+E+F-,net_wez,160,0.7126041666666758,0.008333333333333333,0.41812369791667353,1.0127109375000138,차이 있음,차이 있음,판정 불가,차이 있음
X13,combined,combined,A-B-C+D+E+F-,blue_pts,160,0.45,0.0,0.15,0.75,,,,
X13,combined,combined,A-B-C+D+E+F-,frac_ata30_blue,160,0.05392798858996617,0.029250857262770682,0.031011088151599163,0.07700266809461592,,,,
X13,combined,combined,A-B-C+D+E+F-,frac_slant_band,160,-0.014620333406577868,-0.012260954781923385,-0.02892437571114528,-0.0002969914115599641,,,,
X13,combined,combined,A-B-C+D+E+F-,frac_ata_band_blue,160,-0.0067038033007158935,-0.004354718513787728,-0.021491354496503173,0.00897504772669359,,,,
X13,combined,combined,A-B-C+D+E+F-,frac_fight_speed_blue,160,0.01757243647343414,0.02244465836286416,-0.0016631951482925678,0.03650292296694703,,,,
X13,combined,combined,A-B-C+D+E+F-,frac_corner_blue,160,0.0056876832639019435,0.0,-0.015751496396738472,0.0278839141784385,,,,
X13,combined,combined,A-B-C+D+E+F-,kcas_mean_blue,160,1.240644112119229,1.026584631201132,-1.8732890568243623,4.130735048561251,,,,
X13,combined,combined,A-B-C+D+E+F-,dalt_blue_ft,160,997.9859694147483,369.4235668797046,36.81006058569008,1950.3511755748757,,,,
X13,combined,combined,A-B-C+D+E+F-,t_first_wez_blue,160,-27.32755208333333,-0.3791666666666682,-40.524455729166654,-15.042087239583335,,,,
X13,combined,combined,A-B-C+D+E+F-,wez_censored_blue,160,-0.175,0.0,-0.24375,-0.10625,,,,
X13,combined,combined,A-B-C+D+E+F-,J_q,160,0.05952009551389335,0.04756868791599243,0.05089616297637998,0.06851582567601723,,,,
X13,combined,combined,A-B-C+D+E+F-,J_p,160,0.012689815271051707,0.015192455730673182,0.0005976128202189029,0.025096330417011495,,,,
X13,combined,combined,A-B-C+D+E+F-,corr_q,160,-0.11263064598254542,-0.10303596781259583,-0.12906532525528464,-0.09638904268446369,,,,
X13,combined,combined,A-B-C+D+E+F-,q_gain,160,0.02600453811251018,0.02374515579743236,0.014148882078233187,0.03834455939040898,,,,
X13,combined,combined,A-B-C+D+E+F-,sat_ele,160,-0.04981395511499383,-0.07033590975056733,-0.07106364468629496,-0.02789557633734372,,,,
X14,combined,combined,A+B-C+D+E-F-,hp_diff_d8,160,11.916666666666574,0.0,-0.405322265625124,24.453287760416515,판정 불가,판정 불가,판정 불가,판정 불가
X14,combined,combined,A+B-C+D+E-F-,net_wez,160,0.4060416666666768,0.0,0.15244270833333923,0.6609388020833468,판정 불가,차이 있음,판정 불가,판정 불가
X14,combined,combined,A+B-C+D+E-F-,blue_pts,160,0.45,0.0,0.15,0.75,,,,
X14,combined,combined,A+B-C+D+E-F-,frac_ata30_blue,160,0.031237898087110492,0.010100819868988295,0.015794208052086405,0.047794130998746326,,,,
X14,combined,combined,A+B-C+D+E-F-,frac_slant_band,160,-0.0021628638140122336,-0.007430555555555565,-0.014776777764770233,0.01032485225881411,,,,
X14,combined,combined,A+B-C+D+E-F-,frac_ata_band_blue,160,-0.0007835338929510057,-0.0007264014174252383,-0.012365621362656447,0.011265265160831019,,,,
X14,combined,combined,A+B-C+D+E-F-,frac_fight_speed_blue,160,0.010340060515958127,0.00822411648436494,-0.0038442717371186272,0.024197409218974626,,,,
X14,combined,combined,A+B-C+D+E-F-,frac_corner_blue,160,-0.0051068363938352925,0.0,-0.02177078036541007,0.011847653839662747,,,,
X14,combined,combined,A+B-C+D+E-F-,kcas_mean_blue,160,0.39418597732084104,0.14514648731176294,-1.9478669485403557,2.808466880950733,,,,
X14,combined,combined,A+B-C+D+E-F-,dalt_blue_ft,160,1033.2497866400286,279.81202435679734,259.873403360506,1815.0420851388174,,,,
X14,combined,combined,A+B-C+D+E-F-,t_first_wez_blue,160,-18.36536458333333,-0.033333333333333215,-29.875559895833334,-7.298805989583332,,,,
X14,combined,combined,A+B-C+D+E-F-,wez_censored_blue,160,-0.1,0.0,-0.1625,-0.0375,,,,
X14,combined,combined,A+B-C+D+E-F-,J_q,160,0.035500858304493274,0.02683058472154523,0.028940780763639623,0.04251580199672722,,,,
X14,combined,combined,A+B-C+D+E-F-,J_p,160,0.012601425312553802,0.016921361758844178,0.0025701337213931206,0.022908039165974618,,,,
X14,combined,combined,A+B-C+D+E-F-,corr_q,160,-0.06642476703447442,-0.05758235148840646,-0.07942158463963163,-0.054106063733689605,,,,
X14,combined,combined,A+B-C+D+E-F-,q_gain,160,0.01773354155584588,0.01689149660827871,0.00844519735935096,0.027264125746965504,,,,
X14,combined,combined,A+B-C+D+E-F-,sat_ele,160,-0.03568995466133599,-0.04473603775686319,-0.05229542872089763,-0.01813361401874656,,,,
X15,combined,combined,A-B+C+D+E-F+,hp_diff_d8,160,4.335937499999963,2.135416666666515,-8.807454427083329,16.98051757812497,판정 불가,판정 불가,차이 없음,판정 불가
X15,combined,combined,A-B+C+D+E-F+,net_wez,160,0.7075000000000139,0.20000000000000062,0.439420572916674,0.9837018229166848,차이 있음,차이 있음,판정 불가,차이 있음
X15,combined,combined,A-B+C+D+E-F+,blue_pts,160,0.4,0.0,0.1,0.69375,,,,
X15,combined,combined,A-B+C+D+E-F+,frac_ata30_blue,160,0.04937037619076258,0.02742312166953402,0.030335636343097883,0.06796539924913987,,,,
X15,combined,combined,A-B+C+D+E-F+,frac_slant_band,160,-0.012234416914110221,-0.009266285007495469,-0.029382975892027787,0.004642472865896845,,,,
X15,combined,combined,A-B+C+D+E-F+,frac_ata_band_blue,160,-0.005389601124095187,-0.0068940133093165195,-0.01981252620649897,0.009957138407912448,,,,
X15,combined,combined,A-B+C+D+E-F+,frac_fight_speed_blue,160,0.013050624302784752,0.018964391447812867,-0.0048168756120679996,0.02986511785452277,,,,
X15,combined,combined,A-B+C+D+E-F+,frac_corner_blue,160,0.00566925664261074,0.0,-0.01651849230219763,0.027973820323118955,,,,
X15,combined,combined,A-B+C+D+E-F+,kcas_mean_blue,160,1.34885316223425,-0.026901700159100983,-1.517493487782174,4.363520731089706,,,,
X15,combined,combined,A-B+C+D+E-F+,dalt_blue_ft,160,-30.45247495083604,175.66162730194628,-1002.8824177969701,881.4901394360077,,,,
X15,combined,combined,A-B+C+D+E-F+,t_first_wez_blue,160,-34.35536458333333,-1.4000000000000004,-47.087794270833335,-22.16556770833334,,,,
X15,combined,combined,A-B+C+D+E-F+,wez_censored_blue,160,-0.19375,0.0,-0.2625,-0.125,,,,
X15,combined,combined,A-B+C+D+E-F+,J_q,160,0.10174886105146515,0.09015222662604741,0.09256243641171266,0.11146894309185265,,,,
X15,combined,combined,A-B+C+D+E-F+,J_p,160,0.06256492886897193,0.07738186510971673,0.04805395953188813,0.07659013239506977,,,,
X15,combined,combined,A-B+C+D+E-F+,corr_q,160,-0.28483403081447156,-0.288935827989437,-0.2996349706382079,-0.26970672141756774,,,,
X15,combined,combined,A-B+C+D+E-F+,q_gain,160,0.037651611859416394,0.0340807076163645,0.024820164697786258,0.050715188371672555,,,,
X15,combined,combined,A-B+C+D+E-F+,sat_ele,160,-0.1327929635958812,-0.1347742574686381,-0.14847681849926037,-0.11732115510977977,,,,
X16,combined,combined,A+B+C+D+E+F+,hp_diff_d8,160,6.251953124999991,1.3020833333338473,-6.193945312499913,18.815966796874942,판정 불가,판정 불가,판정 불가,판정 불가
X16,combined,combined,A+B+C+D+E+F+,net_wez,160,0.36552083333333807,0.0,0.1428450520833316,0.5890638020833396,판정 불가,차이 있음,판정 불가,판정 불가
X16,combined,combined,A+B+C+D+E+F+,blue_pts,160,0.3,0.0,0.0,0.6,,,,
X16,combined,combined,A+B+C+D+E+F+,frac_ata30_blue,160,0.037607058244414834,0.0029444444444444474,0.01856345846303341,0.05756836991639466,,,,
X16,combined,combined,A+B+C+D+E+F+,frac_slant_band,160,-0.011134292798174348,-0.007796015204210402,-0.026710982353480617,0.0033013124977491577,,,,
X16,combined,combined,A+B+C+D+E+F+,frac_ata_band_blue,160,0.004575517008285547,0.0007118251443817489,-0.008310790317247475,0.01745465657675091,,,,
X16,combined,combined,A+B+C+D+E+F+,frac_fight_speed_blue,160,-0.0038241376976550444,0.003831863152724324,-0.019860090576705725,0.01141566479340419,,,,
X16,combined,combined,A+B+C+D+E+F+,frac_corner_blue,160,-0.009769182147397505,0.0,-0.029745837122873462,0.010535513977773707,,,,
X16,combined,combined,A+B+C+D+E+F+,kcas_mean_blue,160,0.5399889382226697,-0.0022929734236640797,-2.2835216337444524,3.3998834940961893,,,,
X16,combined,combined,A+B+C+D+E+F+,dalt_blue_ft,160,665.299595778389,10.589058432728052,-192.78053338125693,1515.7645190700966,,,,
X16,combined,combined,A+B+C+D+E+F+,t_first_wez_blue,160,-17.81880208333333,-0.03749999999999787,-29.611139322916667,-6.512282552083334,,,,
X16,combined,combined,A+B+C+D+E+F+,wez_censored_blue,160,-0.0875,0.0,-0.15,-0.025,,,,
X16,combined,combined,A+B+C+D+E+F+,J_q,160,0.08135868549574517,0.06943322708384886,0.07351717887861227,0.08928045614225208,,,,
X16,combined,combined,A+B+C+D+E+F+,J_p,160,0.08082581189091395,0.0916267309943612,0.07003184703231932,0.09169364799824137,,,,
X16,combined,combined,A+B+C+D+E+F+,corr_q,160,-0.24144832420983953,-0.23884286955266998,-0.25657751536747464,-0.2265292878887663,,,,
X16,combined,combined,A+B+C+D+E+F+,q_gain,160,0.029118432447304582,0.02568719101655803,0.01893961068204854,0.039256544352918796,,,,
X16,combined,combined,A+B+C+D+E+F+,sat_ele,160,-0.10489268934992521,-0.10911369426907847,-0.11860356195878005,-0.09075406592517199,,,,
