setting,variable,level,metric,n,median,ci_lo,ci_hi,judge
SHAM,-,1+1e-6,ata_min,45,-5.564775946709233e-07,-8.010831908933369e-07,-3.4719674424366076e-07,차이 없음
SHAM,-,1+1e-6,T_ata30,27,0.0,0.0,0.0,차이 없음
SHAM,-,1+1e-6,ata_mean,45,-6.624292936407983e-07,-1.0724393249006425e-06,-4.1263114525236233e-07,차이 없음
SHAM,-,1+1e-6,J_q,45,1.5664562747624844e-08,1.3010642195554478e-08,2.109289581539442e-08,
SHAM,-,1+1e-6,corr_early,45,-1.659823278821193e-09,-4.97535768140267e-09,-5.894661425642767e-10,
SHAM,-,1+1e-6,corr_late,45,-2.3509305613345077e-11,-3.7230496463536156e-10,4.580613666149702e-11,
SHAM,-,1+1e-6,q_gain,45,1.8163569870388585e-08,1.3722890823686384e-08,2.3093124301709622e-08,
SHAM,-,1+1e-6,dkcas,45,-4.644295472644444e-07,-1.2950500831721001e-06,-1.1100797792096273e-07,
SHAM,-,1+1e-6,oscillating,45,0.0,0.0,0.0,
V1_kq_0.5,V1_kq,0.5,ata_min,45,-0.9238707449805812,-1.1242253781865728,-0.6998849828347815,차이 없음
V1_kq_0.5,V1_kq,0.5,T_ata30,27,-0.3000000000000007,-0.3916666666666675,-0.1916666666666682,판정 불가
V1_kq_0.5,V1_kq,0.5,ata_mean,45,-0.5373120883699016,-0.6734271892163051,-0.29530020552090974,차이 없음
V1_kq_0.5,V1_kq,0.5,J_q,45,0.028243048933279197,0.025554503549005545,0.032014548149843676,
V1_kq_0.5,V1_kq,0.5,corr_early,45,-0.01159946825508329,-0.025784642199097818,-0.005090216391849145,
V1_kq_0.5,V1_kq,0.5,corr_late,45,-0.0007481337893424644,-0.0014614866475096688,-0.00048805492574965914,
V1_kq_0.5,V1_kq,0.5,q_gain,45,0.021474896278484312,0.016568858641927586,0.02538576395014247,
V1_kq_0.5,V1_kq,0.5,dkcas,45,-0.012627944835060134,-0.0926876624241686,0.030006584724731056,
V1_kq_0.5,V1_kq,0.5,oscillating,45,0.0,0.0,0.0,
V1_kq_0.75,V1_kq,0.75,ata_min,45,-0.2985577248477762,-0.3848426855421085,-0.27016477044834275,차이 없음
V1_kq_0.75,V1_kq,0.75,T_ata30,27,-0.09999999999999964,-0.15000000000000036,-0.07499999999999929,차이 없음
V1_kq_0.75,V1_kq,0.75,ata_mean,45,-0.22815314010226473,-0.3316887031446143,-0.12264919248809036,차이 없음
V1_kq_0.75,V1_kq,0.75,J_q,45,0.008873659590939605,0.00787858093239872,0.010536835371056985,
V1_kq_0.75,V1_kq,0.75,corr_early,45,-0.002948988631185645,-0.003828410437695995,-0.001064976416321417,
V1_kq_0.75,V1_kq,0.75,corr_late,45,-0.00020003887192598935,-0.0004512914996278594,-0.00012315693036080155,
V1_kq_0.75,V1_kq,0.75,q_gain,45,0.008109441989840649,0.006269866581678718,0.00952193028438586,
V1_kq_0.75,V1_kq,0.75,dkcas,45,-0.039659900452761576,-0.10109378217777021,0.02572884375393869,
V1_kq_0.75,V1_kq,0.75,oscillating,45,0.0,0.0,0.0,
V1_kq_1.5,V1_kq,1.5,ata_min,45,0.30764778734045617,0.280921797971839,0.3940867938033854,차이 없음
V1_kq_1.5,V1_kq,1.5,T_ata30,27,0.20833333333333393,0.10000000000000142,0.4166666666666643,판정 불가
V1_kq_1.5,V1_kq,1.5,ata_mean,45,0.29700797614829355,0.17042717199566226,0.4014887529036528,차이 없음
V1_kq_1.5,V1_kq,1.5,J_q,45,-0.007502881749025733,-0.009554908892934831,0.0023182244369264887,
V1_kq_1.5,V1_kq,1.5,corr_early,45,0.0005771029400724048,0.00047058609656980277,0.0013126929172655455,
V1_kq_1.5,V1_kq,1.5,corr_late,45,0.0001102689167147286,7.586378360879831e-05,0.0002397588670575157,
V1_kq_1.5,V1_kq,1.5,q_gain,45,-0.009553594901285267,-0.010953209549264376,-0.008177786772993967,
V1_kq_1.5,V1_kq,1.5,dkcas,45,-0.0009618308512244766,-0.0523610208429659,0.04309144104416873,
V1_kq_1.5,V1_kq,1.5,oscillating,45,0.0,0.0,0.0,
V1_kq_2,V1_kq,2.0,ata_min,45,0.7523250214158033,0.60318172127546,7.521699697718901,판정 불가
V1_kq_2,V1_kq,2.0,T_ata30,27,6.816666666666666,0.19166666666666643,8.2,판정 불가
V1_kq_2,V1_kq,2.0,ata_mean,45,0.7459962434134155,0.5494203730155647,20.06632885648645,판정 불가
V1_kq_2,V1_kq,2.0,J_q,45,0.02465855508843523,0.020196616938927298,1.0504067794663998,
V1_kq_2,V1_kq,2.0,corr_early,45,-0.08270738095893804,-0.8311653170149846,-0.015389841039458896,
V1_kq_2,V1_kq,2.0,corr_late,45,9.514346549499564e-07,-0.8577427982509191,7.411900588083498e-05,
V1_kq_2,V1_kq,2.0,q_gain,45,-0.008349686433797965,-0.011800144601161744,0.041948954640082636,
V1_kq_2,V1_kq,2.0,dkcas,45,0.03685349294971729,-0.015807580030752888,0.09733855432244809,
V1_kq_2,V1_kq,2.0,oscillating,45,0.0,0.0,1.0,
V2_filt_10,V2_filt,10.0,ata_min,45,-0.08177480243808866,-0.09336970492463692,-0.06393772786107732,차이 없음
V2_filt_10,V2_filt,10.0,T_ata30,27,-0.033333333333333215,-0.05000000000000071,-0.00833333333333286,차이 없음
V2_filt_10,V2_filt,10.0,ata_mean,45,0.007629186517903008,-0.03694727691122068,0.04203812214704428,차이 없음
V2_filt_10,V2_filt,10.0,J_q,45,0.0017970065979770744,0.0014204197107891073,0.0023289075964322004,
V2_filt_10,V2_filt,10.0,corr_early,45,-0.0008797667006407162,-0.0013745869722847637,-0.000430724125722759,
V2_filt_10,V2_filt,10.0,corr_late,45,-1.5736975357394378e-05,-6.382139862537439e-05,1.7489694494332575e-05,
V2_filt_10,V2_filt,10.0,q_gain,45,0.0015264075669441102,0.0013248984439684364,0.0018139805831084432,
V2_filt_10,V2_filt,10.0,dkcas,45,-0.01613880985837568,-0.06105168581666476,0.04196208846695981,
V2_filt_10,V2_filt,10.0,oscillating,45,0.0,0.0,0.0,
V2_filt_15,V2_filt,15.0,ata_min,45,-0.034387539919912946,-0.03913567468365997,-0.027279942830116255,차이 없음
V2_filt_15,V2_filt,15.0,T_ata30,27,-0.02499999999999858,-0.025000000000000355,0.0,차이 없음
V2_filt_15,V2_filt,15.0,ata_mean,45,0.0029508452205746494,-0.019066370854805115,0.017597427452052727,차이 없음
V2_filt_15,V2_filt,15.0,J_q,45,0.0007617323888130523,0.0006155947933969841,0.0010058507902472036,
V2_filt_15,V2_filt,15.0,corr_early,45,-0.0003480592368474422,-0.0004921222470721798,-0.0001664356752596463,
V2_filt_15,V2_filt,15.0,corr_late,45,-1.6086244625124202e-05,-6.0950731710307515e-05,-5.207397448803164e-06,
V2_filt_15,V2_filt,15.0,q_gain,45,0.0006809665469824644,0.0005820855323110941,0.0008335894656059661,
V2_filt_15,V2_filt,15.0,dkcas,45,-0.01855779399875246,-0.042204800591491676,0.027904866470237266,
V2_filt_15,V2_filt,15.0,oscillating,45,0.0,0.0,0.0,
V2_filt_35,V2_filt,35.0,ata_min,45,0.012365573489375947,0.01044138823975338,0.015810177535551695,차이 없음
V2_filt_35,V2_filt,35.0,T_ata30,27,0.0,0.0,0.00833333333333286,차이 없음
V2_filt_35,V2_filt,35.0,ata_mean,45,-0.005483488269774739,-0.010564643172948252,-0.0005508273799108565,차이 없음
V2_filt_35,V2_filt,35.0,J_q,45,-0.00044048843236769303,-0.0005212894578939149,-0.00029798697930871754,
V2_filt_35,V2_filt,35.0,corr_early,45,0.00018536964705540004,9.303328424004054e-05,0.00038705886463319406,
V2_filt_35,V2_filt,35.0,corr_late,45,3.72631794350875e-05,2.334996515140908e-05,8.024368548054106e-05,
V2_filt_35,V2_filt,35.0,q_gain,45,-0.00026025379197980314,-0.00033086708776453033,-0.00018884828388610053,
V2_filt_35,V2_filt,35.0,dkcas,45,-0.004749782983992645,-0.01924156420233203,0.029720850343608163,
V2_filt_35,V2_filt,35.0,oscillating,45,0.0,0.0,0.0,
V2_filt_50,V2_filt,50.0,ata_min,45,0.024046647254990283,0.01952270630998676,0.029841044273780426,차이 없음
V2_filt_50,V2_filt,50.0,T_ata30,27,0.008333333333336412,0.0,0.01666666666666572,차이 없음
V2_filt_50,V2_filt,50.0,ata_mean,45,-0.005617172803020765,-0.017603751935439504,0.003477338793526741,차이 없음
V2_filt_50,V2_filt,50.0,J_q,45,-0.0007820384302142797,-0.0009164791339988237,-0.0005421279505341894,
V2_filt_50,V2_filt,50.0,corr_early,45,0.00032107622506871714,0.00015966600255734598,0.0006757805209317569,
V2_filt_50,V2_filt,50.0,corr_late,45,7.066278786949098e-05,4.5946884020486856e-05,0.00016456036877465774,
V2_filt_50,V2_filt,50.0,q_gain,45,-0.0004526880043966841,-0.000528905009294256,-0.0003347237231774436,
V2_filt_50,V2_filt,50.0,dkcas,45,-0.044086602267327635,-0.07518753985749527,0.021889289732257566,
V2_filt_50,V2_filt,50.0,oscillating,45,0.0,0.0,0.0,
V3_lam_0.5,V3_lam,0.5,ata_min,45,0.2943402924322971,0.2610049620847512,0.4365426489232247,차이 없음
V3_lam_0.5,V3_lam,0.5,T_ata30,27,0.1666666666666643,0.09166666666666501,0.43333333333333357,판정 불가
V3_lam_0.5,V3_lam,0.5,ata_mean,45,0.42731703134754184,0.31602084064225977,0.53497887428437,차이 없음
V3_lam_0.5,V3_lam,0.5,J_q,45,-0.005881903268776703,-0.0070893508427810475,0.002903389591932648,
V3_lam_0.5,V3_lam,0.5,corr_early,45,0.00017521939703224465,-0.0002135833946786958,0.00035767726820601364,
V3_lam_0.5,V3_lam,0.5,corr_late,45,-0.00012175906127132041,-0.0006064225419968317,-3.309559019837316e-06,
V3_lam_0.5,V3_lam,0.5,q_gain,45,-0.009265807829211603,-0.01029441821770083,-0.007904885305586529,
V3_lam_0.5,V3_lam,0.5,dkcas,45,0.01672631955415227,-0.010806078358314153,0.054869398660684965,
V3_lam_0.5,V3_lam,0.5,oscillating,45,0.0,0.0,0.0,
V3_lam_4,V3_lam,4.0,ata_min,45,-1.6849287024397945,-2.5595806930713234,-1.206840146579081,판정 불가
V3_lam_4,V3_lam,4.0,T_ata30,27,-0.7249999999999979,-1.0999999999999996,-0.2833333333333332,차이 있음
V3_lam_4,V3_lam,4.0,ata_mean,45,-1.469203599412353,-2.0955917063383183,-0.8347703272596192,판정 불가
V3_lam_4,V3_lam,4.0,J_q,45,0.04716582331382328,0.04318694229258938,0.06536942465019606,
V3_lam_4,V3_lam,4.0,corr_early,45,-0.00850959631840209,-0.019218990326961505,-0.004147061369772387,
V3_lam_4,V3_lam,4.0,corr_late,45,-0.0009736286473663869,-0.0048687477098690035,-0.00028344084756348753,
V3_lam_4,V3_lam,4.0,q_gain,45,0.04620214565182312,0.037743370575635815,0.0546650879232673,
V3_lam_4,V3_lam,4.0,dkcas,45,0.009979213951851307,-0.11203654609300884,0.03421789631909178,
V3_lam_4,V3_lam,4.0,oscillating,45,0.0,0.0,0.0,
V3_lam_8,V3_lam,8.0,ata_min,45,-3.889295548517815,-4.924290182255475,-2.8603448092272252,차이 있음
V3_lam_8,V3_lam,8.0,T_ata30,27,-1.4416666666666647,-2.0666666666666664,-0.6999999999999993,차이 있음
V3_lam_8,V3_lam,8.0,ata_mean,45,-2.854781510323093,-4.058388742171829,-1.1084428878715755,판정 불가
V3_lam_8,V3_lam,8.0,J_q,45,0.11136858326773097,0.10386022056978587,0.15612109650256048,
V3_lam_8,V3_lam,8.0,corr_early,45,-0.04357577138529867,-0.08239177361766437,-0.024208092520332958,
V3_lam_8,V3_lam,8.0,corr_late,45,-0.0063543442606037726,-0.03100583977788962,-0.0017137818319209464,
V3_lam_8,V3_lam,8.0,q_gain,45,0.0945748990430102,0.07549069321739466,0.10997483397072427,
V3_lam_8,V3_lam,8.0,dkcas,45,-0.09219975076194942,-0.14498171649762526,-0.01250896113657518,
V3_lam_8,V3_lam,8.0,oscillating,45,0.0,0.0,0.0,
V3_lam_16,V3_lam,16.0,ata_min,45,-6.986990397574885,-9.154039024274304,-5.762166220754267,차이 있음
V3_lam_16,V3_lam,16.0,T_ata30,27,-2.2416666666666654,-3.091666666666665,-0.8250000000000011,차이 있음
V3_lam_16,V3_lam,16.0,ata_mean,45,-2.96749136003314,-5.297878035433762,-0.5983938067964374,판정 불가
V3_lam_16,V3_lam,16.0,J_q,45,0.3281297894911083,0.28190659731367995,0.39171185716786266,
V3_lam_16,V3_lam,16.0,corr_early,45,-0.22788682338109223,-0.2781866575030656,-0.16643343276667533,
V3_lam_16,V3_lam,16.0,corr_late,45,-0.2374985599228252,-0.47734292592463334,-0.036526288006959784,
V3_lam_16,V3_lam,16.0,q_gain,45,0.16097083280661195,0.12236141383255772,0.22680931213338829,
V3_lam_16,V3_lam,16.0,dkcas,45,-0.03131049142990605,-0.4494423746412508,0.014673785412867346,
V3_lam_16,V3_lam,16.0,oscillating,45,0.0,0.0,0.0,
V3_lam_25,V3_lam,25.0,ata_min,45,-9.532031174877602,-11.850423877333284,-7.137169640039819,차이 있음
V3_lam_25,V3_lam,25.0,T_ata30,27,-2.408333333333333,-3.1999999999999993,-0.8583333333333343,차이 있음
V3_lam_25,V3_lam,25.0,ata_mean,45,-1.424075423415239,-4.465820247471761,0.07806536187641555,판정 불가
V3_lam_25,V3_lam,25.0,J_q,45,0.546865906055547,0.42885646457579163,0.5884955627669356,
V3_lam_25,V3_lam,25.0,corr_early,45,-0.522720794998234,-0.6625752366743443,-0.4410413579997553,
V3_lam_25,V3_lam,25.0,corr_late,45,-0.627312139986937,-0.9156677666097723,-0.4843811131550634,
V3_lam_25,V3_lam,25.0,q_gain,45,0.3787350360458517,0.2146708847276575,0.45324251089005707,
V3_lam_25,V3_lam,25.0,dkcas,45,-0.06445137871378392,-8.463940857118473,0.017814302331601084,
V3_lam_25,V3_lam,25.0,oscillating,45,0.0,0.0,1.0,
V4_sync_2t,V4_delay,2.0,ata_min,45,-0.09764961528793314,-0.1125704399326839,-0.08107085826937421,차이 없음
V4_sync_2t,V4_delay,2.0,T_ata30,27,-0.03333333333333499,-0.06666666666666643,-0.01666666666666572,차이 없음
V4_sync_2t,V4_delay,2.0,ata_mean,45,0.010017716974971336,-0.03999574407443163,0.052384036034489156,차이 없음
V4_sync_2t,V4_delay,2.0,J_q,45,0.0023266496980574453,0.0021392970766934624,0.002985136505078291,
V4_sync_2t,V4_delay,2.0,corr_early,45,-0.000944750735789146,-0.0018068145563687743,-0.0005601566658446355,
V4_sync_2t,V4_delay,2.0,corr_late,45,-0.0002083064614007979,-0.0005473047362531958,-8.235671501222175e-05,
V4_sync_2t,V4_delay,2.0,q_gain,45,0.0019146529406839363,0.0016416278366027104,0.0022240360115581836,
V4_sync_2t,V4_delay,2.0,dkcas,45,0.016584508714856838,-0.042103012825552254,0.05894871355798159,
V4_sync_2t,V4_delay,2.0,oscillating,45,0.0,0.0,0.0,
V4_sync_4t,V4_delay,4.0,ata_min,45,-0.20559544034828292,-0.23190950343007977,-0.17180302903791755,차이 없음
V4_sync_4t,V4_delay,4.0,T_ata30,27,-0.07499999999999929,-0.10833333333333428,-0.025000000000000355,차이 없음
V4_sync_4t,V4_delay,4.0,ata_mean,45,0.021164957545629193,-0.06288398973027398,0.1287384958222333,차이 없음
V4_sync_4t,V4_delay,4.0,J_q,45,0.005197851267629554,0.004447125460477843,0.0061051827714256116,
V4_sync_4t,V4_delay,4.0,corr_early,45,-0.0031907169881588704,-0.004008126775493226,-0.0015821286791153355,
V4_sync_4t,V4_delay,4.0,corr_late,45,-0.00015399767073975834,-0.0003184993754070664,-7.168386857170361e-05,
V4_sync_4t,V4_delay,4.0,q_gain,45,0.0035920094405685887,0.0030025362150269963,0.004467231059576804,
V4_sync_4t,V4_delay,4.0,dkcas,45,0.037929992904480514,-0.0025995625438781644,0.09958077324398573,
V4_sync_4t,V4_delay,4.0,oscillating,45,0.0,0.0,0.0,
V4_sync_8t,V4_delay,8.0,ata_min,45,-0.42051863109122234,-0.48698696192012303,-0.37081506203677606,차이 없음
V4_sync_8t,V4_delay,8.0,T_ata30,27,-0.16666666666666785,-0.21666666666666679,-0.04166666666666785,차이 없음
V4_sync_8t,V4_delay,8.0,ata_mean,45,0.07764023667970577,-0.08054875268481965,0.26489693608692283,차이 없음
V4_sync_8t,V4_delay,8.0,J_q,45,0.011811176078790672,0.010975050239408039,0.013133573056520995,
V4_sync_8t,V4_delay,8.0,corr_early,45,-0.0073801030369659015,-0.008986936524648548,-0.003939681961419361,
V4_sync_8t,V4_delay,8.0,corr_late,45,-0.0005247026412537048,-0.000902963362363951,-0.00025583999292022597,
V4_sync_8t,V4_delay,8.0,q_gain,45,0.007442796325787038,0.006012375737381337,0.008687546163966609,
V4_sync_8t,V4_delay,8.0,dkcas,45,0.038814545432558134,0.00787712124247264,0.06897389854555058,
V4_sync_8t,V4_delay,8.0,oscillating,45,0.0,0.0,0.0,
V4_async_1t,V4_delay_async,1.0,ata_min,45,0.02006159487380188,0.013380283439101248,0.024330062715279155,차이 없음
V4_async_1t,V4_delay_async,1.0,T_ata30,27,0.008333333333334636,0.00833333333333286,0.0416666666666643,차이 없음
V4_async_1t,V4_delay_async,1.0,ata_mean,45,0.00488744165857824,-0.00023416850919488752,0.018699401717427122,차이 없음
V4_async_1t,V4_delay_async,1.0,J_q,45,-0.00017990418374515607,-0.00024778438501309175,0.00026621557306749644,
V4_async_1t,V4_delay_async,1.0,corr_early,45,7.054961696062456e-05,-0.00015630800594668148,0.00013568663606122744,
V4_async_1t,V4_delay_async,1.0,corr_late,45,-0.00013433345183955225,-0.0003781405126948023,-2.0222029213146087e-05,
V4_async_1t,V4_delay_async,1.0,q_gain,45,-0.0005068673749746289,-0.0006815460628701365,-0.00042942884469732157,
V4_async_1t,V4_delay_async,1.0,dkcas,45,-0.031234317586324778,-0.0830520193267148,0.029399372872887852,
V4_async_1t,V4_delay_async,1.0,oscillating,45,0.0,0.0,0.0,
V4_async_2t,V4_delay_async,2.0,ata_min,45,3.2979618337315024,0.06504269001360186,12.360280236677113,판정 불가
V4_async_2t,V4_delay_async,2.0,T_ata30,27,6.908333333333335,0.21666666666666679,8.258333333333333,판정 불가
V4_async_2t,V4_delay_async,2.0,ata_mean,45,27.485715071951102,1.4338308720460873,40.698895851695156,판정 불가
V4_async_2t,V4_delay_async,2.0,J_q,45,1.0418204448741504,0.5999748886602487,1.1788481755485416,
V4_async_2t,V4_delay_async,2.0,corr_early,45,-0.8567769090315778,-0.8977686190380718,-0.14456320654408428,
V4_async_2t,V4_delay_async,2.0,corr_late,45,-0.8754079414542039,-0.9066143442359714,-0.8314667613019431,
V4_async_2t,V4_delay_async,2.0,q_gain,45,0.18143596392606054,0.11604211951826104,0.21251890755312508,
V4_async_2t,V4_delay_async,2.0,dkcas,45,-0.0188364708736799,-0.07791868320271078,0.046283227543369776,
V4_async_2t,V4_delay_async,2.0,oscillating,45,1.0,1.0,1.0,
V5_noise_0.01,V5_noise,0.01,ata_min,45,-0.00039786807291974924,-0.0009807859787720474,0.0006399903508252679,차이 없음
V5_noise_0.01,V5_noise,0.01,T_ata30,27,0.0,0.0,0.0,차이 없음
V5_noise_0.01,V5_noise,0.01,ata_mean,45,0.00017260233751414944,-0.0005913992030848192,0.000519121026066216,차이 없음
V5_noise_0.01,V5_noise,0.01,J_q,45,5.535416186558395e-06,-2.6337945717991307e-06,1.4448500299850398e-05,
V5_noise_0.01,V5_noise,0.01,corr_early,45,-5.682524367611741e-06,-1.092442936612148e-05,-1.0642093916102269e-06,
V5_noise_0.01,V5_noise,0.01,corr_late,45,-8.557102753936618e-06,-1.0814053306829052e-05,-4.147871601190012e-06,
V5_noise_0.01,V5_noise,0.01,q_gain,45,4.299380826910948e-07,-6.5660736925376995e-06,1.6854973332813827e-05,
V5_noise_0.01,V5_noise,0.01,dkcas,45,3.335362868028824e-05,-0.0012496602518581312,0.0017860216455574118,
V5_noise_0.01,V5_noise,0.01,oscillating,45,0.0,0.0,0.0,
V5_noise_0.03,V5_noise,0.03,ata_min,45,-0.0011812605171055424,-0.0029243350745318253,0.0018861340750611078,차이 없음
V5_noise_0.03,V5_noise,0.03,T_ata30,27,0.0,0.0,0.0,차이 없음
V5_noise_0.03,V5_noise,0.03,ata_mean,45,0.0005904821037461261,-0.0019138100021081073,0.0017837866959098392,차이 없음
V5_noise_0.03,V5_noise,0.03,J_q,45,7.477189289969988e-05,3.691367151582858e-05,9.624424541285204e-05,
V5_noise_0.03,V5_noise,0.03,corr_early,45,-4.072691825807162e-05,-6.497349849021727e-05,-2.5307036495947344e-05,
V5_noise_0.03,V5_noise,0.03,corr_late,45,-8.858422612245676e-05,-0.0001168840979771657,-6.80373649334376e-05,
V5_noise_0.03,V5_noise,0.03,q_gain,45,5.253506643265737e-06,-2.4620065346203646e-05,3.863225618760957e-05,
V5_noise_0.03,V5_noise,0.03,dkcas,45,0.0006127675552534129,-0.0028640588582220516,0.005542736640165913,
V5_noise_0.03,V5_noise,0.03,oscillating,45,0.0,0.0,0.0,
V5_noise_0.1,V5_noise,0.1,ata_min,45,-0.005922002049114639,-0.008905720854816224,0.0043289996629933825,차이 없음
V5_noise_0.1,V5_noise,0.1,T_ata30,27,0.0,0.0,0.00833333333333286,차이 없음
V5_noise_0.1,V5_noise,0.1,ata_mean,45,0.0013755757908917587,-0.0044162144535278,0.005218152316750491,차이 없음
V5_noise_0.1,V5_noise,0.1,J_q,45,0.0007016725453080352,0.00034352930424333405,0.0009844078527209733,
V5_noise_0.1,V5_noise,0.1,corr_early,45,-0.0003748045365432606,-0.0005560383831924032,-0.0002677507092554432,
V5_noise_0.1,V5_noise,0.1,corr_late,45,-0.0011089424313905916,-0.0017472406663446849,-0.0006696278522644317,
V5_noise_0.1,V5_noise,0.1,q_gain,45,8.865853514583577e-05,-1.6334418785124427e-05,0.00014921064115935856,
V5_noise_0.1,V5_noise,0.1,dkcas,45,-0.007865106528129218,-0.021131019928475325,0.015217366983051761,
V5_noise_0.1,V5_noise,0.1,oscillating,45,0.0,0.0,0.0,
V6_turb_light,V6_turb,light,ata_min,45,0.26422353573925506,0.19871674103538783,0.4320835366633027,차이 없음
V6_turb_light,V6_turb,light,T_ata30,27,0.05833333333333357,0.0,0.11666666666666714,차이 없음
V6_turb_light,V6_turb,light,ata_mean,45,0.11226437225147379,-0.01189943984181241,0.2153012145975879,차이 없음
V6_turb_light,V6_turb,light,J_q,45,0.033357720305188396,0.030054156833797786,0.039122728368922235,
V6_turb_light,V6_turb,light,corr_early,45,-0.033653064193990834,-0.06707703273345855,-0.023228800155978613,
V6_turb_light,V6_turb,light,corr_late,45,-0.05194012100095169,-0.07128701513145652,-0.035283998112588644,
V6_turb_light,V6_turb,light,q_gain,45,0.0012661075922608678,0.000846099253655197,0.0021068263429890877,
V6_turb_light,V6_turb,light,dkcas,45,-0.22597064295950986,-0.4387841296799593,0.35866695842361196,
V6_turb_light,V6_turb,light,oscillating,45,1.0,1.0,1.0,
V6_turb_moderate,V6_turb,moderate,ata_min,45,0.6346297524487703,0.38116200449026216,0.8780688542584301,차이 없음
V6_turb_moderate,V6_turb,moderate,T_ata30,27,0.14166666666666572,0.0,0.2666666666666675,판정 불가
V6_turb_moderate,V6_turb,moderate,ata_mean,45,0.2502658304482104,0.03259830308340028,0.4226106618844554,차이 없음
V6_turb_moderate,V6_turb,moderate,J_q,45,0.09422212568800507,0.07904737581514877,0.10456754995021936,
V6_turb_moderate,V6_turb,moderate,corr_early,45,-0.10842506377013883,-0.17510083272296317,-0.08152437144369418,
V6_turb_moderate,V6_turb,moderate,corr_late,45,-0.1878991754278433,-0.2679657548029363,-0.13832963499092554,
V6_turb_moderate,V6_turb,moderate,q_gain,45,0.006998856268106257,0.0025968397726915393,0.012046524815821025,
V6_turb_moderate,V6_turb,moderate,dkcas,45,0.28911509453993745,-0.5101553572851572,0.99528626132971,
V6_turb_moderate,V6_turb,moderate,oscillating,45,1.0,1.0,1.0,
V6_turb_severe,V6_turb,severe,ata_min,45,3.2979618337315024,2.4174568815588025,4.918588002562921,차이 있음
V6_turb_severe,V6_turb,severe,T_ata30,27,2.8916666666666657,2.1083333333333343,4.666666666666668,차이 있음
V6_turb_severe,V6_turb,severe,ata_mean,45,6.997085949478112,5.9827678271701785,8.043340360938544,차이 있음
V6_turb_severe,V6_turb,severe,J_q,45,0.5672667505169329,0.5166151376156899,0.6415444227632704,
V6_turb_severe,V6_turb,severe,corr_early,45,-0.6311975906299655,-0.6832501865025894,-0.5499257106046216,
V6_turb_severe,V6_turb,severe,corr_late,45,-0.7807657925920077,-0.826621315677392,-0.7451068191601296,
V6_turb_severe,V6_turb,severe,q_gain,45,0.0531250972584183,0.02990103630784957,0.09771111160243029,
V6_turb_severe,V6_turb,severe,dkcas,45,4.148038114893069,1.8229661093726577,8.963263922573589,
V6_turb_severe,V6_turb,severe,oscillating,45,1.0,1.0,1.0,
